snapshot_date,snapshot_time,sport,game_id,home_team,away_team,commence_time,bookmaker,market,outcome,price,point
2026-05-05,06:00:05,NRL,99a925b26d442a7c700cbf14fd6909d3,Dolphins,Canterbury Bulldogs,2026-05-07T09:50:00Z,sportsbet,h2h,Canterbury Bulldogs,2.56,
2026-05-05,06:00:05,NRL,99a925b26d442a7c700cbf14fd6909d3,Dolphins,Canterbury Bulldogs,2026-05-07T09:50:00Z,sportsbet,h2h,Dolphins,1.51,
2026-05-05,06:00:05,NRL,99a925b26d442a7c700cbf14fd6909d3,Dolphins,Canterbury Bulldogs,2026-05-07T09:50:00Z,sportsbet,spreads,Canterbury Bulldogs,1.97,5.5
2026-05-05,06:00:05,NRL,99a925b26d442a7c700cbf14fd6909d3,Dolphins,Canterbury Bulldogs,2026-05-07T09:50:00Z,sportsbet,spreads,Dolphins,1.84,-5.5
2026-05-05,06:00:05,NRL,99a925b26d442a7c700cbf14fd6909d3,Dolphins,Canterbury Bulldogs,2026-05-07T09:50:00Z,sportsbet,totals,Over,1.81,49.5
2026-05-05,06:00:05,NRL,99a925b26d442a7c700cbf14fd6909d3,Dolphins,Canterbury Bulldogs,2026-05-07T09:50:00Z,sportsbet,totals,Under,2.0,49.5
2026-05-05,06:00:05,NRL,99a925b26d442a7c700cbf14fd6909d3,Dolphins,Canterbury Bulldogs,2026-05-07T09:50:00Z,betr_au,h2h,Canterbury Bulldogs,2.6,
2026-05-05,06:00:05,NRL,99a925b26d442a7c700cbf14fd6909d3,Dolphins,Canterbury Bulldogs,2026-05-07T09:50:00Z,betr_au,h2h,Dolphins,1.5,
2026-05-05,06:00:05,NRL,99a925b26d442a7c700cbf14fd6909d3,Dolphins,Canterbury Bulldogs,2026-05-07T09:50:00Z,betr_au,spreads,Canterbury Bulldogs,1.9,5.5
2026-05-05,06:00:05,NRL,99a925b26d442a7c700cbf14fd6909d3,Dolphins,Canterbury Bulldogs,2026-05-07T09:50:00Z,betr_au,spreads,Dolphins,1.9,-5.5
2026-05-05,06:00:05,NRL,99a925b26d442a7c700cbf14fd6909d3,Dolphins,Canterbury Bulldogs,2026-05-07T09:50:00Z,betright,h2h,Canterbury Bulldogs,2.58,
2026-05-05,06:00:05,NRL,99a925b26d442a7c700cbf14fd6909d3,Dolphins,Canterbury Bulldogs,2026-05-07T09:50:00Z,betright,h2h,Dolphins,1.51,
2026-05-05,06:00:05,NRL,99a925b26d442a7c700cbf14fd6909d3,Dolphins,Canterbury Bulldogs,2026-05-07T09:50:00Z,betright,spreads,Canterbury Bulldogs,1.85,6.5
2026-05-05,06:00:05,NRL,99a925b26d442a7c700cbf14fd6909d3,Dolphins,Canterbury Bulldogs,2026-05-07T09:50:00Z,betright,spreads,Dolphins,1.95,-6.5
2026-05-05,06:00:05,NRL,99a925b26d442a7c700cbf14fd6909d3,Dolphins,Canterbury Bulldogs,2026-05-07T09:50:00Z,betfair_ex_au,h2h,Canterbury Bulldogs,2.44,
2026-05-05,06:00:05,NRL,99a925b26d442a7c700cbf14fd6909d3,Dolphins,Canterbury Bulldogs,2026-05-07T09:50:00Z,betfair_ex_au,h2h,Dolphins,1.55,
2026-05-05,06:00:05,NRL,99a925b26d442a7c700cbf14fd6909d3,Dolphins,Canterbury Bulldogs,2026-05-07T09:50:00Z,betfair_ex_au,h2h_lay,Canterbury Bulldogs,2.82,
2026-05-05,06:00:05,NRL,99a925b26d442a7c700cbf14fd6909d3,Dolphins,Canterbury Bulldogs,2026-05-07T09:50:00Z,betfair_ex_au,h2h_lay,Dolphins,1.69,
2026-05-05,06:00:05,NRL,99a925b26d442a7c700cbf14fd6909d3,Dolphins,Canterbury Bulldogs,2026-05-07T09:50:00Z,playup,h2h,Canterbury Bulldogs,2.6,
2026-05-05,06:00:05,NRL,99a925b26d442a7c700cbf14fd6909d3,Dolphins,Canterbury Bulldogs,2026-05-07T09:50:00Z,playup,h2h,Dolphins,1.47,
2026-05-05,06:00:05,NRL,99a925b26d442a7c700cbf14fd6909d3,Dolphins,Canterbury Bulldogs,2026-05-07T09:50:00Z,playup,spreads,Canterbury Bulldogs,1.91,5.5
2026-05-05,06:00:05,NRL,99a925b26d442a7c700cbf14fd6909d3,Dolphins,Canterbury Bulldogs,2026-05-07T09:50:00Z,playup,spreads,Dolphins,1.85,-5.5
2026-05-05,06:00:05,NRL,99a925b26d442a7c700cbf14fd6909d3,Dolphins,Canterbury Bulldogs,2026-05-07T09:50:00Z,playup,totals,Over,1.88,50.5
2026-05-05,06:00:05,NRL,99a925b26d442a7c700cbf14fd6909d3,Dolphins,Canterbury Bulldogs,2026-05-07T09:50:00Z,playup,totals,Under,1.88,50.5
2026-05-05,06:00:05,NRL,99a925b26d442a7c700cbf14fd6909d3,Dolphins,Canterbury Bulldogs,2026-05-07T09:50:00Z,tab,h2h,Canterbury Bulldogs,2.7,
2026-05-05,06:00:05,NRL,99a925b26d442a7c700cbf14fd6909d3,Dolphins,Canterbury Bulldogs,2026-05-07T09:50:00Z,tab,h2h,Dolphins,1.47,
2026-05-05,06:00:05,NRL,99a925b26d442a7c700cbf14fd6909d3,Dolphins,Canterbury Bulldogs,2026-05-07T09:50:00Z,tab,spreads,Canterbury Bulldogs,1.85,6.5
2026-05-05,06:00:05,NRL,99a925b26d442a7c700cbf14fd6909d3,Dolphins,Canterbury Bulldogs,2026-05-07T09:50:00Z,tab,spreads,Dolphins,1.95,-6.5
2026-05-05,06:00:05,NRL,99a925b26d442a7c700cbf14fd6909d3,Dolphins,Canterbury Bulldogs,2026-05-07T09:50:00Z,tab,totals,Over,1.9,50.5
2026-05-05,06:00:05,NRL,99a925b26d442a7c700cbf14fd6909d3,Dolphins,Canterbury Bulldogs,2026-05-07T09:50:00Z,tab,totals,Under,1.9,50.5
2026-05-05,06:00:05,NRL,99a925b26d442a7c700cbf14fd6909d3,Dolphins,Canterbury Bulldogs,2026-05-07T09:50:00Z,pointsbetau,h2h,Canterbury Bulldogs,2.55,
2026-05-05,06:00:05,NRL,99a925b26d442a7c700cbf14fd6909d3,Dolphins,Canterbury Bulldogs,2026-05-07T09:50:00Z,pointsbetau,h2h,Dolphins,1.5,
2026-05-05,06:00:05,NRL,99a925b26d442a7c700cbf14fd6909d3,Dolphins,Canterbury Bulldogs,2026-05-07T09:50:00Z,pointsbetau,spreads,Canterbury Bulldogs,1.95,5.5
2026-05-05,06:00:05,NRL,99a925b26d442a7c700cbf14fd6909d3,Dolphins,Canterbury Bulldogs,2026-05-07T09:50:00Z,pointsbetau,spreads,Dolphins,1.83,-5.5
2026-05-05,06:00:05,NRL,99a925b26d442a7c700cbf14fd6909d3,Dolphins,Canterbury Bulldogs,2026-05-07T09:50:00Z,pointsbetau,totals,Over,1.88,50.5
2026-05-05,06:00:05,NRL,99a925b26d442a7c700cbf14fd6909d3,Dolphins,Canterbury Bulldogs,2026-05-07T09:50:00Z,pointsbetau,totals,Under,1.88,50.5
2026-05-05,06:00:05,NRL,99a925b26d442a7c700cbf14fd6909d3,Dolphins,Canterbury Bulldogs,2026-05-07T09:50:00Z,ladbrokes_au,h2h,Canterbury Bulldogs,2.55,
2026-05-05,06:00:05,NRL,99a925b26d442a7c700cbf14fd6909d3,Dolphins,Canterbury Bulldogs,2026-05-07T09:50:00Z,ladbrokes_au,h2h,Dolphins,1.52,
2026-05-05,06:00:05,NRL,99a925b26d442a7c700cbf14fd6909d3,Dolphins,Canterbury Bulldogs,2026-05-07T09:50:00Z,neds,h2h,Canterbury Bulldogs,2.55,
2026-05-05,06:00:05,NRL,99a925b26d442a7c700cbf14fd6909d3,Dolphins,Canterbury Bulldogs,2026-05-07T09:50:00Z,neds,h2h,Dolphins,1.52,
2026-05-05,06:00:05,NRL,99a925b26d442a7c700cbf14fd6909d3,Dolphins,Canterbury Bulldogs,2026-05-07T09:50:00Z,unibet,h2h,Canterbury Bulldogs,2.45,
2026-05-05,06:00:05,NRL,99a925b26d442a7c700cbf14fd6909d3,Dolphins,Canterbury Bulldogs,2026-05-07T09:50:00Z,unibet,h2h,Dolphins,1.53,
2026-05-05,06:00:05,NRL,99a925b26d442a7c700cbf14fd6909d3,Dolphins,Canterbury Bulldogs,2026-05-07T09:50:00Z,unibet,spreads,Canterbury Bulldogs,1.94,5.5
2026-05-05,06:00:05,NRL,99a925b26d442a7c700cbf14fd6909d3,Dolphins,Canterbury Bulldogs,2026-05-07T09:50:00Z,unibet,spreads,Dolphins,1.86,-5.5
2026-05-05,06:00:05,NRL,99a925b26d442a7c700cbf14fd6909d3,Dolphins,Canterbury Bulldogs,2026-05-07T09:50:00Z,tabtouch,h2h,Canterbury Bulldogs,2.48,
2026-05-05,06:00:05,NRL,99a925b26d442a7c700cbf14fd6909d3,Dolphins,Canterbury Bulldogs,2026-05-07T09:50:00Z,tabtouch,h2h,Dolphins,1.54,
2026-05-05,06:00:05,NRL,99a925b26d442a7c700cbf14fd6909d3,Dolphins,Canterbury Bulldogs,2026-05-07T09:50:00Z,tabtouch,spreads,Canterbury Bulldogs,1.93,5.5
2026-05-05,06:00:05,NRL,99a925b26d442a7c700cbf14fd6909d3,Dolphins,Canterbury Bulldogs,2026-05-07T09:50:00Z,tabtouch,spreads,Dolphins,1.85,-5.5
2026-05-05,06:00:05,NRL,99a925b26d442a7c700cbf14fd6909d3,Dolphins,Canterbury Bulldogs,2026-05-07T09:50:00Z,tabtouch,totals,Over,1.88,50.5
2026-05-05,06:00:05,NRL,99a925b26d442a7c700cbf14fd6909d3,Dolphins,Canterbury Bulldogs,2026-05-07T09:50:00Z,tabtouch,totals,Under,1.88,50.5
2026-05-05,06:00:05,NRL,ccd4552b32f85bbc11f12ab1343a7ed7,Sydney Roosters,Gold Coast Titans,2026-05-08T08:00:00Z,sportsbet,h2h,Gold Coast Titans,5.3,
2026-05-05,06:00:05,NRL,ccd4552b32f85bbc11f12ab1343a7ed7,Sydney Roosters,Gold Coast Titans,2026-05-08T08:00:00Z,sportsbet,h2h,Sydney Roosters,1.16,
2026-05-05,06:00:05,NRL,ccd4552b32f85bbc11f12ab1343a7ed7,Sydney Roosters,Gold Coast Titans,2026-05-08T08:00:00Z,sportsbet,spreads,Gold Coast Titans,1.89,16.5
2026-05-05,06:00:05,NRL,ccd4552b32f85bbc11f12ab1343a7ed7,Sydney Roosters,Gold Coast Titans,2026-05-08T08:00:00Z,sportsbet,spreads,Sydney Roosters,1.91,-16.5
2026-05-05,06:00:05,NRL,ccd4552b32f85bbc11f12ab1343a7ed7,Sydney Roosters,Gold Coast Titans,2026-05-08T08:00:00Z,sportsbet,totals,Over,1.9,55.5
2026-05-05,06:00:05,NRL,ccd4552b32f85bbc11f12ab1343a7ed7,Sydney Roosters,Gold Coast Titans,2026-05-08T08:00:00Z,sportsbet,totals,Under,1.9,55.5
2026-05-05,06:00:05,NRL,ccd4552b32f85bbc11f12ab1343a7ed7,Sydney Roosters,Gold Coast Titans,2026-05-08T08:00:00Z,betright,h2h,Gold Coast Titans,5.25,
2026-05-05,06:00:05,NRL,ccd4552b32f85bbc11f12ab1343a7ed7,Sydney Roosters,Gold Coast Titans,2026-05-08T08:00:00Z,betright,h2h,Sydney Roosters,1.16,
2026-05-05,06:00:05,NRL,ccd4552b32f85bbc11f12ab1343a7ed7,Sydney Roosters,Gold Coast Titans,2026-05-08T08:00:00Z,betright,spreads,Gold Coast Titans,1.9,16.5
2026-05-05,06:00:05,NRL,ccd4552b32f85bbc11f12ab1343a7ed7,Sydney Roosters,Gold Coast Titans,2026-05-08T08:00:00Z,betright,spreads,Sydney Roosters,1.9,-16.5
2026-05-05,06:00:05,NRL,ccd4552b32f85bbc11f12ab1343a7ed7,Sydney Roosters,Gold Coast Titans,2026-05-08T08:00:00Z,betr_au,h2h,Gold Coast Titans,5.25,
2026-05-05,06:00:05,NRL,ccd4552b32f85bbc11f12ab1343a7ed7,Sydney Roosters,Gold Coast Titans,2026-05-08T08:00:00Z,betr_au,h2h,Sydney Roosters,1.16,
2026-05-05,06:00:05,NRL,ccd4552b32f85bbc11f12ab1343a7ed7,Sydney Roosters,Gold Coast Titans,2026-05-08T08:00:00Z,betr_au,spreads,Gold Coast Titans,2.0,15.5
2026-05-05,06:00:05,NRL,ccd4552b32f85bbc11f12ab1343a7ed7,Sydney Roosters,Gold Coast Titans,2026-05-08T08:00:00Z,betr_au,spreads,Sydney Roosters,1.8,-15.5
2026-05-05,06:00:05,NRL,ccd4552b32f85bbc11f12ab1343a7ed7,Sydney Roosters,Gold Coast Titans,2026-05-08T08:00:00Z,betfair_ex_au,h2h,Gold Coast Titans,5.5,
2026-05-05,06:00:05,NRL,ccd4552b32f85bbc11f12ab1343a7ed7,Sydney Roosters,Gold Coast Titans,2026-05-08T08:00:00Z,betfair_ex_au,h2h,Sydney Roosters,1.18,
2026-05-05,06:00:05,NRL,ccd4552b32f85bbc11f12ab1343a7ed7,Sydney Roosters,Gold Coast Titans,2026-05-08T08:00:00Z,betfair_ex_au,h2h_lay,Gold Coast Titans,7.0,
2026-05-05,06:00:05,NRL,ccd4552b32f85bbc11f12ab1343a7ed7,Sydney Roosters,Gold Coast Titans,2026-05-08T08:00:00Z,betfair_ex_au,h2h_lay,Sydney Roosters,1.22,
2026-05-05,06:00:05,NRL,ccd4552b32f85bbc11f12ab1343a7ed7,Sydney Roosters,Gold Coast Titans,2026-05-08T08:00:00Z,tab,h2h,Gold Coast Titans,5.2,
2026-05-05,06:00:05,NRL,ccd4552b32f85bbc11f12ab1343a7ed7,Sydney Roosters,Gold Coast Titans,2026-05-08T08:00:00Z,tab,h2h,Sydney Roosters,1.16,
2026-05-05,06:00:05,NRL,ccd4552b32f85bbc11f12ab1343a7ed7,Sydney Roosters,Gold Coast Titans,2026-05-08T08:00:00Z,tab,spreads,Gold Coast Titans,1.9,16.5
2026-05-05,06:00:05,NRL,ccd4552b32f85bbc11f12ab1343a7ed7,Sydney Roosters,Gold Coast Titans,2026-05-08T08:00:00Z,tab,spreads,Sydney Roosters,1.9,-16.5
2026-05-05,06:00:05,NRL,ccd4552b32f85bbc11f12ab1343a7ed7,Sydney Roosters,Gold Coast Titans,2026-05-08T08:00:00Z,tab,totals,Over,1.9,55.5
2026-05-05,06:00:05,NRL,ccd4552b32f85bbc11f12ab1343a7ed7,Sydney Roosters,Gold Coast Titans,2026-05-08T08:00:00Z,tab,totals,Under,1.9,55.5
2026-05-05,06:00:05,NRL,ccd4552b32f85bbc11f12ab1343a7ed7,Sydney Roosters,Gold Coast Titans,2026-05-08T08:00:00Z,pointsbetau,h2h,Gold Coast Titans,4.85,
2026-05-05,06:00:05,NRL,ccd4552b32f85bbc11f12ab1343a7ed7,Sydney Roosters,Gold Coast Titans,2026-05-08T08:00:00Z,pointsbetau,h2h,Sydney Roosters,1.17,
2026-05-05,06:00:05,NRL,ccd4552b32f85bbc11f12ab1343a7ed7,Sydney Roosters,Gold Coast Titans,2026-05-08T08:00:00Z,pointsbetau,spreads,Gold Coast Titans,1.95,15.5
2026-05-05,06:00:05,NRL,ccd4552b32f85bbc11f12ab1343a7ed7,Sydney Roosters,Gold Coast Titans,2026-05-08T08:00:00Z,pointsbetau,spreads,Sydney Roosters,1.83,-15.5
2026-05-05,06:00:05,NRL,ccd4552b32f85bbc11f12ab1343a7ed7,Sydney Roosters,Gold Coast Titans,2026-05-08T08:00:00Z,pointsbetau,totals,Over,1.88,55.5
2026-05-05,06:00:05,NRL,ccd4552b32f85bbc11f12ab1343a7ed7,Sydney Roosters,Gold Coast Titans,2026-05-08T08:00:00Z,pointsbetau,totals,Under,1.88,55.5
2026-05-05,06:00:05,NRL,ccd4552b32f85bbc11f12ab1343a7ed7,Sydney Roosters,Gold Coast Titans,2026-05-08T08:00:00Z,ladbrokes_au,h2h,Gold Coast Titans,5.4,
2026-05-05,06:00:05,NRL,ccd4552b32f85bbc11f12ab1343a7ed7,Sydney Roosters,Gold Coast Titans,2026-05-08T08:00:00Z,ladbrokes_au,h2h,Sydney Roosters,1.16,
2026-05-05,06:00:05,NRL,ccd4552b32f85bbc11f12ab1343a7ed7,Sydney Roosters,Gold Coast Titans,2026-05-08T08:00:00Z,neds,h2h,Gold Coast Titans,5.4,
2026-05-05,06:00:05,NRL,ccd4552b32f85bbc11f12ab1343a7ed7,Sydney Roosters,Gold Coast Titans,2026-05-08T08:00:00Z,neds,h2h,Sydney Roosters,1.16,
2026-05-05,06:00:05,NRL,ccd4552b32f85bbc11f12ab1343a7ed7,Sydney Roosters,Gold Coast Titans,2026-05-08T08:00:00Z,playup,h2h,Gold Coast Titans,5.0,
2026-05-05,06:00:05,NRL,ccd4552b32f85bbc11f12ab1343a7ed7,Sydney Roosters,Gold Coast Titans,2026-05-08T08:00:00Z,playup,h2h,Sydney Roosters,1.16,
2026-05-05,06:00:05,NRL,ccd4552b32f85bbc11f12ab1343a7ed7,Sydney Roosters,Gold Coast Titans,2026-05-08T08:00:00Z,playup,spreads,Gold Coast Titans,1.88,16.5
2026-05-05,06:00:05,NRL,ccd4552b32f85bbc11f12ab1343a7ed7,Sydney Roosters,Gold Coast Titans,2026-05-08T08:00:00Z,playup,spreads,Sydney Roosters,1.88,-16.5
2026-05-05,06:00:05,NRL,ccd4552b32f85bbc11f12ab1343a7ed7,Sydney Roosters,Gold Coast Titans,2026-05-08T08:00:00Z,playup,totals,Over,1.88,55.5
2026-05-05,06:00:05,NRL,ccd4552b32f85bbc11f12ab1343a7ed7,Sydney Roosters,Gold Coast Titans,2026-05-08T08:00:00Z,playup,totals,Under,1.88,55.5
2026-05-05,06:00:05,NRL,ccd4552b32f85bbc11f12ab1343a7ed7,Sydney Roosters,Gold Coast Titans,2026-05-08T08:00:00Z,tabtouch,h2h,Gold Coast Titans,4.6,
2026-05-05,06:00:05,NRL,ccd4552b32f85bbc11f12ab1343a7ed7,Sydney Roosters,Gold Coast Titans,2026-05-08T08:00:00Z,tabtouch,h2h,Sydney Roosters,1.2,
2026-05-05,06:00:05,NRL,ccd4552b32f85bbc11f12ab1343a7ed7,Sydney Roosters,Gold Coast Titans,2026-05-08T08:00:00Z,tabtouch,spreads,Gold Coast Titans,1.94,15.5
2026-05-05,06:00:05,NRL,ccd4552b32f85bbc11f12ab1343a7ed7,Sydney Roosters,Gold Coast Titans,2026-05-08T08:00:00Z,tabtouch,spreads,Sydney Roosters,1.85,-15.5
2026-05-05,06:00:05,NRL,ccd4552b32f85bbc11f12ab1343a7ed7,Sydney Roosters,Gold Coast Titans,2026-05-08T08:00:00Z,tabtouch,totals,Over,1.88,55.5
2026-05-05,06:00:05,NRL,ccd4552b32f85bbc11f12ab1343a7ed7,Sydney Roosters,Gold Coast Titans,2026-05-08T08:00:00Z,tabtouch,totals,Under,1.88,55.5
2026-05-05,06:00:05,NRL,ccd4552b32f85bbc11f12ab1343a7ed7,Sydney Roosters,Gold Coast Titans,2026-05-08T08:00:00Z,unibet,h2h,Gold Coast Titans,4.5,
2026-05-05,06:00:05,NRL,ccd4552b32f85bbc11f12ab1343a7ed7,Sydney Roosters,Gold Coast Titans,2026-05-08T08:00:00Z,unibet,h2h,Sydney Roosters,1.2,
2026-05-05,06:00:05,NRL,ccd4552b32f85bbc11f12ab1343a7ed7,Sydney Roosters,Gold Coast Titans,2026-05-08T08:00:00Z,unibet,spreads,Gold Coast Titans,1.95,15.5
2026-05-05,06:00:05,NRL,ccd4552b32f85bbc11f12ab1343a7ed7,Sydney Roosters,Gold Coast Titans,2026-05-08T08:00:00Z,unibet,spreads,Sydney Roosters,1.85,-15.5
2026-05-05,06:00:05,NRL,40f275651b49cab703bfee9eadedb3ef,North Queensland Cowboys,Parramatta Eels,2026-05-08T10:00:00Z,sportsbet,h2h,North Queensland Cowboys,1.39,
2026-05-05,06:00:05,NRL,40f275651b49cab703bfee9eadedb3ef,North Queensland Cowboys,Parramatta Eels,2026-05-08T10:00:00Z,sportsbet,h2h,Parramatta Eels,3.03,
2026-05-05,06:00:05,NRL,40f275651b49cab703bfee9eadedb3ef,North Queensland Cowboys,Parramatta Eels,2026-05-08T10:00:00Z,sportsbet,spreads,North Queensland Cowboys,1.9,-8.5
2026-05-05,06:00:05,NRL,40f275651b49cab703bfee9eadedb3ef,North Queensland Cowboys,Parramatta Eels,2026-05-08T10:00:00Z,sportsbet,spreads,Parramatta Eels,1.9,8.5
2026-05-05,06:00:05,NRL,40f275651b49cab703bfee9eadedb3ef,North Queensland Cowboys,Parramatta Eels,2026-05-08T10:00:00Z,sportsbet,totals,Over,1.9,54.5
2026-05-05,06:00:05,NRL,40f275651b49cab703bfee9eadedb3ef,North Queensland Cowboys,Parramatta Eels,2026-05-08T10:00:00Z,sportsbet,totals,Under,1.9,54.5
2026-05-05,06:00:05,NRL,40f275651b49cab703bfee9eadedb3ef,North Queensland Cowboys,Parramatta Eels,2026-05-08T10:00:00Z,betfair_ex_au,h2h,North Queensland Cowboys,1.42,
2026-05-05,06:00:05,NRL,40f275651b49cab703bfee9eadedb3ef,North Queensland Cowboys,Parramatta Eels,2026-05-08T10:00:00Z,betfair_ex_au,h2h,Parramatta Eels,2.56,
2026-05-05,06:00:05,NRL,40f275651b49cab703bfee9eadedb3ef,North Queensland Cowboys,Parramatta Eels,2026-05-08T10:00:00Z,betfair_ex_au,h2h_lay,North Queensland Cowboys,1.56,
2026-05-05,06:00:05,NRL,40f275651b49cab703bfee9eadedb3ef,North Queensland Cowboys,Parramatta Eels,2026-05-08T10:00:00Z,betfair_ex_au,h2h_lay,Parramatta Eels,3.4,
2026-05-05,06:00:05,NRL,40f275651b49cab703bfee9eadedb3ef,North Queensland Cowboys,Parramatta Eels,2026-05-08T10:00:00Z,tab,h2h,North Queensland Cowboys,1.38,
2026-05-05,06:00:05,NRL,40f275651b49cab703bfee9eadedb3ef,North Queensland Cowboys,Parramatta Eels,2026-05-08T10:00:00Z,tab,h2h,Parramatta Eels,3.1,
2026-05-05,06:00:05,NRL,40f275651b49cab703bfee9eadedb3ef,North Queensland Cowboys,Parramatta Eels,2026-05-08T10:00:00Z,tab,spreads,North Queensland Cowboys,1.85,-8.5
2026-05-05,06:00:05,NRL,40f275651b49cab703bfee9eadedb3ef,North Queensland Cowboys,Parramatta Eels,2026-05-08T10:00:00Z,tab,spreads,Parramatta Eels,1.95,8.5
2026-05-05,06:00:05,NRL,40f275651b49cab703bfee9eadedb3ef,North Queensland Cowboys,Parramatta Eels,2026-05-08T10:00:00Z,tab,totals,Over,1.9,54.5
2026-05-05,06:00:05,NRL,40f275651b49cab703bfee9eadedb3ef,North Queensland Cowboys,Parramatta Eels,2026-05-08T10:00:00Z,tab,totals,Under,1.9,54.5
2026-05-05,06:00:05,NRL,40f275651b49cab703bfee9eadedb3ef,North Queensland Cowboys,Parramatta Eels,2026-05-08T10:00:00Z,betr_au,h2h,North Queensland Cowboys,1.4,
2026-05-05,06:00:05,NRL,40f275651b49cab703bfee9eadedb3ef,North Queensland Cowboys,Parramatta Eels,2026-05-08T10:00:00Z,betr_au,h2h,Parramatta Eels,3.0,
2026-05-05,06:00:05,NRL,40f275651b49cab703bfee9eadedb3ef,North Queensland Cowboys,Parramatta Eels,2026-05-08T10:00:00Z,betr_au,spreads,North Queensland Cowboys,1.9,-8.5
2026-05-05,06:00:05,NRL,40f275651b49cab703bfee9eadedb3ef,North Queensland Cowboys,Parramatta Eels,2026-05-08T10:00:00Z,betr_au,spreads,Parramatta Eels,1.9,8.5
2026-05-05,06:00:05,NRL,40f275651b49cab703bfee9eadedb3ef,North Queensland Cowboys,Parramatta Eels,2026-05-08T10:00:00Z,betright,h2h,North Queensland Cowboys,1.4,
2026-05-05,06:00:05,NRL,40f275651b49cab703bfee9eadedb3ef,North Queensland Cowboys,Parramatta Eels,2026-05-08T10:00:00Z,betright,h2h,Parramatta Eels,2.95,
2026-05-05,06:00:05,NRL,40f275651b49cab703bfee9eadedb3ef,North Queensland Cowboys,Parramatta Eels,2026-05-08T10:00:00Z,betright,spreads,North Queensland Cowboys,1.9,-8.5
2026-05-05,06:00:05,NRL,40f275651b49cab703bfee9eadedb3ef,North Queensland Cowboys,Parramatta Eels,2026-05-08T10:00:00Z,betright,spreads,Parramatta Eels,1.9,8.5
2026-05-05,06:00:05,NRL,40f275651b49cab703bfee9eadedb3ef,North Queensland Cowboys,Parramatta Eels,2026-05-08T10:00:00Z,pointsbetau,h2h,North Queensland Cowboys,1.4,
2026-05-05,06:00:05,NRL,40f275651b49cab703bfee9eadedb3ef,North Queensland Cowboys,Parramatta Eels,2026-05-08T10:00:00Z,pointsbetau,h2h,Parramatta Eels,2.9,
2026-05-05,06:00:05,NRL,40f275651b49cab703bfee9eadedb3ef,North Queensland Cowboys,Parramatta Eels,2026-05-08T10:00:00Z,pointsbetau,spreads,North Queensland Cowboys,1.88,-8.5
2026-05-05,06:00:05,NRL,40f275651b49cab703bfee9eadedb3ef,North Queensland Cowboys,Parramatta Eels,2026-05-08T10:00:00Z,pointsbetau,spreads,Parramatta Eels,1.88,8.5
2026-05-05,06:00:05,NRL,40f275651b49cab703bfee9eadedb3ef,North Queensland Cowboys,Parramatta Eels,2026-05-08T10:00:00Z,pointsbetau,totals,Over,1.88,54.5
2026-05-05,06:00:05,NRL,40f275651b49cab703bfee9eadedb3ef,North Queensland Cowboys,Parramatta Eels,2026-05-08T10:00:00Z,pointsbetau,totals,Under,1.88,54.5
2026-05-05,06:00:05,NRL,40f275651b49cab703bfee9eadedb3ef,North Queensland Cowboys,Parramatta Eels,2026-05-08T10:00:00Z,neds,h2h,North Queensland Cowboys,1.4,
2026-05-05,06:00:05,NRL,40f275651b49cab703bfee9eadedb3ef,North Queensland Cowboys,Parramatta Eels,2026-05-08T10:00:00Z,neds,h2h,Parramatta Eels,2.95,
2026-05-05,06:00:05,NRL,40f275651b49cab703bfee9eadedb3ef,North Queensland Cowboys,Parramatta Eels,2026-05-08T10:00:00Z,ladbrokes_au,h2h,North Queensland Cowboys,1.4,
2026-05-05,06:00:05,NRL,40f275651b49cab703bfee9eadedb3ef,North Queensland Cowboys,Parramatta Eels,2026-05-08T10:00:00Z,ladbrokes_au,h2h,Parramatta Eels,2.95,
2026-05-05,06:00:05,NRL,40f275651b49cab703bfee9eadedb3ef,North Queensland Cowboys,Parramatta Eels,2026-05-08T10:00:00Z,playup,h2h,North Queensland Cowboys,1.38,
2026-05-05,06:00:05,NRL,40f275651b49cab703bfee9eadedb3ef,North Queensland Cowboys,Parramatta Eels,2026-05-08T10:00:00Z,playup,h2h,Parramatta Eels,3.0,
2026-05-05,06:00:05,NRL,40f275651b49cab703bfee9eadedb3ef,North Queensland Cowboys,Parramatta Eels,2026-05-08T10:00:00Z,playup,spreads,North Queensland Cowboys,1.85,-8.5
2026-05-05,06:00:05,NRL,40f275651b49cab703bfee9eadedb3ef,North Queensland Cowboys,Parramatta Eels,2026-05-08T10:00:00Z,playup,spreads,Parramatta Eels,1.91,8.5
2026-05-05,06:00:05,NRL,40f275651b49cab703bfee9eadedb3ef,North Queensland Cowboys,Parramatta Eels,2026-05-08T10:00:00Z,playup,totals,Over,1.88,54.5
2026-05-05,06:00:05,NRL,40f275651b49cab703bfee9eadedb3ef,North Queensland Cowboys,Parramatta Eels,2026-05-08T10:00:00Z,playup,totals,Under,1.88,54.5
2026-05-05,06:00:05,NRL,40f275651b49cab703bfee9eadedb3ef,North Queensland Cowboys,Parramatta Eels,2026-05-08T10:00:00Z,tabtouch,h2h,North Queensland Cowboys,1.4,
2026-05-05,06:00:05,NRL,40f275651b49cab703bfee9eadedb3ef,North Queensland Cowboys,Parramatta Eels,2026-05-08T10:00:00Z,tabtouch,h2h,Parramatta Eels,2.95,
2026-05-05,06:00:05,NRL,40f275651b49cab703bfee9eadedb3ef,North Queensland Cowboys,Parramatta Eels,2026-05-08T10:00:00Z,tabtouch,spreads,North Queensland Cowboys,1.89,-8.5
2026-05-05,06:00:05,NRL,40f275651b49cab703bfee9eadedb3ef,North Queensland Cowboys,Parramatta Eels,2026-05-08T10:00:00Z,tabtouch,spreads,Parramatta Eels,1.89,8.5
2026-05-05,06:00:05,NRL,40f275651b49cab703bfee9eadedb3ef,North Queensland Cowboys,Parramatta Eels,2026-05-08T10:00:00Z,tabtouch,totals,Over,1.88,54.5
2026-05-05,06:00:05,NRL,40f275651b49cab703bfee9eadedb3ef,North Queensland Cowboys,Parramatta Eels,2026-05-08T10:00:00Z,tabtouch,totals,Under,1.88,54.5
2026-05-05,06:00:05,NRL,40f275651b49cab703bfee9eadedb3ef,North Queensland Cowboys,Parramatta Eels,2026-05-08T10:00:00Z,unibet,h2h,North Queensland Cowboys,1.4,
2026-05-05,06:00:05,NRL,40f275651b49cab703bfee9eadedb3ef,North Queensland Cowboys,Parramatta Eels,2026-05-08T10:00:00Z,unibet,h2h,Parramatta Eels,2.95,
2026-05-05,06:00:05,NRL,40f275651b49cab703bfee9eadedb3ef,North Queensland Cowboys,Parramatta Eels,2026-05-08T10:00:00Z,unibet,spreads,North Queensland Cowboys,1.9,-8.5
2026-05-05,06:00:05,NRL,40f275651b49cab703bfee9eadedb3ef,North Queensland Cowboys,Parramatta Eels,2026-05-08T10:00:00Z,unibet,spreads,Parramatta Eels,1.9,8.5
2026-05-05,06:00:05,NRL,d68274c8aa67402ab10dce5f91498a47,St George Illawarra Dragons,Newcastle Knights,2026-05-09T05:00:00Z,sportsbet,h2h,Newcastle Knights,1.35,
2026-05-05,06:00:05,NRL,d68274c8aa67402ab10dce5f91498a47,St George Illawarra Dragons,Newcastle Knights,2026-05-09T05:00:00Z,sportsbet,h2h,St George Illawarra Dragons,3.23,
2026-05-05,06:00:05,NRL,d68274c8aa67402ab10dce5f91498a47,St George Illawarra Dragons,Newcastle Knights,2026-05-09T05:00:00Z,sportsbet,spreads,Newcastle Knights,1.91,-8.5
2026-05-05,06:00:05,NRL,d68274c8aa67402ab10dce5f91498a47,St George Illawarra Dragons,Newcastle Knights,2026-05-09T05:00:00Z,sportsbet,spreads,St George Illawarra Dragons,1.89,8.5
2026-05-05,06:00:05,NRL,d68274c8aa67402ab10dce5f91498a47,St George Illawarra Dragons,Newcastle Knights,2026-05-09T05:00:00Z,sportsbet,totals,Over,1.99,52.5
2026-05-05,06:00:05,NRL,d68274c8aa67402ab10dce5f91498a47,St George Illawarra Dragons,Newcastle Knights,2026-05-09T05:00:00Z,sportsbet,totals,Under,1.82,52.5
2026-05-05,06:00:05,NRL,d68274c8aa67402ab10dce5f91498a47,St George Illawarra Dragons,Newcastle Knights,2026-05-09T05:00:00Z,betr_au,h2h,Newcastle Knights,1.32,
2026-05-05,06:00:05,NRL,d68274c8aa67402ab10dce5f91498a47,St George Illawarra Dragons,Newcastle Knights,2026-05-09T05:00:00Z,betr_au,h2h,St George Illawarra Dragons,3.4,
2026-05-05,06:00:05,NRL,d68274c8aa67402ab10dce5f91498a47,St George Illawarra Dragons,Newcastle Knights,2026-05-09T05:00:00Z,betr_au,spreads,Newcastle Knights,1.9,-9.5
2026-05-05,06:00:05,NRL,d68274c8aa67402ab10dce5f91498a47,St George Illawarra Dragons,Newcastle Knights,2026-05-09T05:00:00Z,betr_au,spreads,St George Illawarra Dragons,1.9,9.5
2026-05-05,06:00:05,NRL,d68274c8aa67402ab10dce5f91498a47,St George Illawarra Dragons,Newcastle Knights,2026-05-09T05:00:00Z,betright,h2h,Newcastle Knights,1.36,
2026-05-05,06:00:05,NRL,d68274c8aa67402ab10dce5f91498a47,St George Illawarra Dragons,Newcastle Knights,2026-05-09T05:00:00Z,betright,h2h,St George Illawarra Dragons,3.15,
2026-05-05,06:00:05,NRL,d68274c8aa67402ab10dce5f91498a47,St George Illawarra Dragons,Newcastle Knights,2026-05-09T05:00:00Z,betright,spreads,Newcastle Knights,1.9,-8.5
2026-05-05,06:00:05,NRL,d68274c8aa67402ab10dce5f91498a47,St George Illawarra Dragons,Newcastle Knights,2026-05-09T05:00:00Z,betright,spreads,St George Illawarra Dragons,1.9,8.5
2026-05-05,06:00:05,NRL,d68274c8aa67402ab10dce5f91498a47,St George Illawarra Dragons,Newcastle Knights,2026-05-09T05:00:00Z,betfair_ex_au,h2h,Newcastle Knights,1.43,
2026-05-05,06:00:05,NRL,d68274c8aa67402ab10dce5f91498a47,St George Illawarra Dragons,Newcastle Knights,2026-05-09T05:00:00Z,betfair_ex_au,h2h,St George Illawarra Dragons,3.0,
2026-05-05,06:00:05,NRL,d68274c8aa67402ab10dce5f91498a47,St George Illawarra Dragons,Newcastle Knights,2026-05-09T05:00:00Z,betfair_ex_au,h2h_lay,Newcastle Knights,1.49,
2026-05-05,06:00:05,NRL,d68274c8aa67402ab10dce5f91498a47,St George Illawarra Dragons,Newcastle Knights,2026-05-09T05:00:00Z,betfair_ex_au,h2h_lay,St George Illawarra Dragons,3.3,
2026-05-05,06:00:05,NRL,d68274c8aa67402ab10dce5f91498a47,St George Illawarra Dragons,Newcastle Knights,2026-05-09T05:00:00Z,tab,h2h,Newcastle Knights,1.36,
2026-05-05,06:00:05,NRL,d68274c8aa67402ab10dce5f91498a47,St George Illawarra Dragons,Newcastle Knights,2026-05-09T05:00:00Z,tab,h2h,St George Illawarra Dragons,3.2,
2026-05-05,06:00:05,NRL,d68274c8aa67402ab10dce5f91498a47,St George Illawarra Dragons,Newcastle Knights,2026-05-09T05:00:00Z,tab,spreads,Newcastle Knights,1.9,-8.5
2026-05-05,06:00:05,NRL,d68274c8aa67402ab10dce5f91498a47,St George Illawarra Dragons,Newcastle Knights,2026-05-09T05:00:00Z,tab,spreads,St George Illawarra Dragons,1.9,8.5
2026-05-05,06:00:05,NRL,d68274c8aa67402ab10dce5f91498a47,St George Illawarra Dragons,Newcastle Knights,2026-05-09T05:00:00Z,tab,totals,Over,1.9,52.5
2026-05-05,06:00:05,NRL,d68274c8aa67402ab10dce5f91498a47,St George Illawarra Dragons,Newcastle Knights,2026-05-09T05:00:00Z,tab,totals,Under,1.9,52.5
2026-05-05,06:00:05,NRL,d68274c8aa67402ab10dce5f91498a47,St George Illawarra Dragons,Newcastle Knights,2026-05-09T05:00:00Z,pointsbetau,h2h,Newcastle Knights,1.36,
2026-05-05,06:00:05,NRL,d68274c8aa67402ab10dce5f91498a47,St George Illawarra Dragons,Newcastle Knights,2026-05-09T05:00:00Z,pointsbetau,h2h,St George Illawarra Dragons,3.1,
2026-05-05,06:00:05,NRL,d68274c8aa67402ab10dce5f91498a47,St George Illawarra Dragons,Newcastle Knights,2026-05-09T05:00:00Z,pointsbetau,spreads,Newcastle Knights,1.88,-8.5
2026-05-05,06:00:05,NRL,d68274c8aa67402ab10dce5f91498a47,St George Illawarra Dragons,Newcastle Knights,2026-05-09T05:00:00Z,pointsbetau,spreads,St George Illawarra Dragons,1.88,8.5
2026-05-05,06:00:05,NRL,d68274c8aa67402ab10dce5f91498a47,St George Illawarra Dragons,Newcastle Knights,2026-05-09T05:00:00Z,pointsbetau,totals,Over,1.88,52.5
2026-05-05,06:00:05,NRL,d68274c8aa67402ab10dce5f91498a47,St George Illawarra Dragons,Newcastle Knights,2026-05-09T05:00:00Z,pointsbetau,totals,Under,1.88,52.5
2026-05-05,06:00:05,NRL,d68274c8aa67402ab10dce5f91498a47,St George Illawarra Dragons,Newcastle Knights,2026-05-09T05:00:00Z,neds,h2h,Newcastle Knights,1.35,
2026-05-05,06:00:05,NRL,d68274c8aa67402ab10dce5f91498a47,St George Illawarra Dragons,Newcastle Knights,2026-05-09T05:00:00Z,neds,h2h,St George Illawarra Dragons,3.2,
2026-05-05,06:00:05,NRL,d68274c8aa67402ab10dce5f91498a47,St George Illawarra Dragons,Newcastle Knights,2026-05-09T05:00:00Z,ladbrokes_au,h2h,Newcastle Knights,1.35,
2026-05-05,06:00:05,NRL,d68274c8aa67402ab10dce5f91498a47,St George Illawarra Dragons,Newcastle Knights,2026-05-09T05:00:00Z,ladbrokes_au,h2h,St George Illawarra Dragons,3.2,
2026-05-05,06:00:05,NRL,d68274c8aa67402ab10dce5f91498a47,St George Illawarra Dragons,Newcastle Knights,2026-05-09T05:00:00Z,tabtouch,h2h,Newcastle Knights,1.34,
2026-05-05,06:00:05,NRL,d68274c8aa67402ab10dce5f91498a47,St George Illawarra Dragons,Newcastle Knights,2026-05-09T05:00:00Z,tabtouch,h2h,St George Illawarra Dragons,3.3,
2026-05-05,06:00:05,NRL,d68274c8aa67402ab10dce5f91498a47,St George Illawarra Dragons,Newcastle Knights,2026-05-09T05:00:00Z,tabtouch,spreads,Newcastle Knights,1.88,-9.5
2026-05-05,06:00:05,NRL,d68274c8aa67402ab10dce5f91498a47,St George Illawarra Dragons,Newcastle Knights,2026-05-09T05:00:00Z,tabtouch,spreads,St George Illawarra Dragons,1.91,9.5
2026-05-05,06:00:05,NRL,d68274c8aa67402ab10dce5f91498a47,St George Illawarra Dragons,Newcastle Knights,2026-05-09T05:00:00Z,tabtouch,totals,Over,1.88,52.5
2026-05-05,06:00:05,NRL,d68274c8aa67402ab10dce5f91498a47,St George Illawarra Dragons,Newcastle Knights,2026-05-09T05:00:00Z,tabtouch,totals,Under,1.88,52.5
2026-05-05,06:00:05,NRL,d68274c8aa67402ab10dce5f91498a47,St George Illawarra Dragons,Newcastle Knights,2026-05-09T05:00:00Z,unibet,h2h,Newcastle Knights,1.33,
2026-05-05,06:00:05,NRL,d68274c8aa67402ab10dce5f91498a47,St George Illawarra Dragons,Newcastle Knights,2026-05-09T05:00:00Z,unibet,h2h,St George Illawarra Dragons,3.25,
2026-05-05,06:00:05,NRL,d68274c8aa67402ab10dce5f91498a47,St George Illawarra Dragons,Newcastle Knights,2026-05-09T05:00:00Z,unibet,spreads,Newcastle Knights,1.89,-9.5
2026-05-05,06:00:05,NRL,d68274c8aa67402ab10dce5f91498a47,St George Illawarra Dragons,Newcastle Knights,2026-05-09T05:00:00Z,unibet,spreads,St George Illawarra Dragons,1.91,9.5
2026-05-05,06:00:05,NRL,d68274c8aa67402ab10dce5f91498a47,St George Illawarra Dragons,Newcastle Knights,2026-05-09T05:00:00Z,playup,h2h,Newcastle Knights,1.36,
2026-05-05,06:00:05,NRL,d68274c8aa67402ab10dce5f91498a47,St George Illawarra Dragons,Newcastle Knights,2026-05-09T05:00:00Z,playup,h2h,St George Illawarra Dragons,3.1,
2026-05-05,06:00:05,NRL,d68274c8aa67402ab10dce5f91498a47,St George Illawarra Dragons,Newcastle Knights,2026-05-09T05:00:00Z,playup,spreads,Newcastle Knights,1.88,-8.5
2026-05-05,06:00:05,NRL,d68274c8aa67402ab10dce5f91498a47,St George Illawarra Dragons,Newcastle Knights,2026-05-09T05:00:00Z,playup,spreads,St George Illawarra Dragons,1.88,8.5
2026-05-05,06:00:05,NRL,d68274c8aa67402ab10dce5f91498a47,St George Illawarra Dragons,Newcastle Knights,2026-05-09T05:00:00Z,playup,totals,Over,1.88,52.5
2026-05-05,06:00:05,NRL,d68274c8aa67402ab10dce5f91498a47,St George Illawarra Dragons,Newcastle Knights,2026-05-09T05:00:00Z,playup,totals,Under,1.88,52.5
2026-05-05,06:00:05,NRL,339c2c490b75fb13d6ad65cd2e53bdb0,South Sydney Rabbitohs,Cronulla Sutherland Sharks,2026-05-09T07:30:00Z,sportsbet,h2h,Cronulla Sutherland Sharks,2.26,
2026-05-05,06:00:05,NRL,339c2c490b75fb13d6ad65cd2e53bdb0,South Sydney Rabbitohs,Cronulla Sutherland Sharks,2026-05-09T07:30:00Z,sportsbet,h2h,South Sydney Rabbitohs,1.64,
2026-05-05,06:00:05,NRL,339c2c490b75fb13d6ad65cd2e53bdb0,South Sydney Rabbitohs,Cronulla Sutherland Sharks,2026-05-09T07:30:00Z,sportsbet,spreads,Cronulla Sutherland Sharks,1.9,3.5
2026-05-05,06:00:05,NRL,339c2c490b75fb13d6ad65cd2e53bdb0,South Sydney Rabbitohs,Cronulla Sutherland Sharks,2026-05-09T07:30:00Z,sportsbet,spreads,South Sydney Rabbitohs,1.9,-3.5
2026-05-05,06:00:05,NRL,339c2c490b75fb13d6ad65cd2e53bdb0,South Sydney Rabbitohs,Cronulla Sutherland Sharks,2026-05-09T07:30:00Z,sportsbet,totals,Over,1.9,53.5
2026-05-05,06:00:05,NRL,339c2c490b75fb13d6ad65cd2e53bdb0,South Sydney Rabbitohs,Cronulla Sutherland Sharks,2026-05-09T07:30:00Z,sportsbet,totals,Under,1.9,53.5
2026-05-05,06:00:05,NRL,339c2c490b75fb13d6ad65cd2e53bdb0,South Sydney Rabbitohs,Cronulla Sutherland Sharks,2026-05-09T07:30:00Z,betr_au,h2h,Cronulla Sutherland Sharks,2.25,
2026-05-05,06:00:05,NRL,339c2c490b75fb13d6ad65cd2e53bdb0,South Sydney Rabbitohs,Cronulla Sutherland Sharks,2026-05-09T07:30:00Z,betr_au,h2h,South Sydney Rabbitohs,1.65,
2026-05-05,06:00:05,NRL,339c2c490b75fb13d6ad65cd2e53bdb0,South Sydney Rabbitohs,Cronulla Sutherland Sharks,2026-05-09T07:30:00Z,betr_au,spreads,Cronulla Sutherland Sharks,1.85,3.5
2026-05-05,06:00:05,NRL,339c2c490b75fb13d6ad65cd2e53bdb0,South Sydney Rabbitohs,Cronulla Sutherland Sharks,2026-05-09T07:30:00Z,betr_au,spreads,South Sydney Rabbitohs,1.95,-3.5
2026-05-05,06:00:05,NRL,339c2c490b75fb13d6ad65cd2e53bdb0,South Sydney Rabbitohs,Cronulla Sutherland Sharks,2026-05-09T07:30:00Z,betright,h2h,Cronulla Sutherland Sharks,2.24,
2026-05-05,06:00:05,NRL,339c2c490b75fb13d6ad65cd2e53bdb0,South Sydney Rabbitohs,Cronulla Sutherland Sharks,2026-05-09T07:30:00Z,betright,h2h,South Sydney Rabbitohs,1.65,
2026-05-05,06:00:05,NRL,339c2c490b75fb13d6ad65cd2e53bdb0,South Sydney Rabbitohs,Cronulla Sutherland Sharks,2026-05-09T07:30:00Z,betright,spreads,Cronulla Sutherland Sharks,1.9,3.5
2026-05-05,06:00:05,NRL,339c2c490b75fb13d6ad65cd2e53bdb0,South Sydney Rabbitohs,Cronulla Sutherland Sharks,2026-05-09T07:30:00Z,betright,spreads,South Sydney Rabbitohs,1.9,-3.5
2026-05-05,06:00:05,NRL,339c2c490b75fb13d6ad65cd2e53bdb0,South Sydney Rabbitohs,Cronulla Sutherland Sharks,2026-05-09T07:30:00Z,betfair_ex_au,h2h,Cronulla Sutherland Sharks,2.14,
2026-05-05,06:00:05,NRL,339c2c490b75fb13d6ad65cd2e53bdb0,South Sydney Rabbitohs,Cronulla Sutherland Sharks,2026-05-09T07:30:00Z,betfair_ex_au,h2h,South Sydney Rabbitohs,1.75,
2026-05-05,06:00:05,NRL,339c2c490b75fb13d6ad65cd2e53bdb0,South Sydney Rabbitohs,Cronulla Sutherland Sharks,2026-05-09T07:30:00Z,betfair_ex_au,h2h_lay,Cronulla Sutherland Sharks,2.32,
2026-05-05,06:00:05,NRL,339c2c490b75fb13d6ad65cd2e53bdb0,South Sydney Rabbitohs,Cronulla Sutherland Sharks,2026-05-09T07:30:00Z,betfair_ex_au,h2h_lay,South Sydney Rabbitohs,1.87,
2026-05-05,06:00:05,NRL,339c2c490b75fb13d6ad65cd2e53bdb0,South Sydney Rabbitohs,Cronulla Sutherland Sharks,2026-05-09T07:30:00Z,tab,h2h,Cronulla Sutherland Sharks,2.15,
2026-05-05,06:00:05,NRL,339c2c490b75fb13d6ad65cd2e53bdb0,South Sydney Rabbitohs,Cronulla Sutherland Sharks,2026-05-09T07:30:00Z,tab,h2h,South Sydney Rabbitohs,1.7,
2026-05-05,06:00:05,NRL,339c2c490b75fb13d6ad65cd2e53bdb0,South Sydney Rabbitohs,Cronulla Sutherland Sharks,2026-05-09T07:30:00Z,tab,spreads,Cronulla Sutherland Sharks,1.85,3.5
2026-05-05,06:00:05,NRL,339c2c490b75fb13d6ad65cd2e53bdb0,South Sydney Rabbitohs,Cronulla Sutherland Sharks,2026-05-09T07:30:00Z,tab,spreads,South Sydney Rabbitohs,1.95,-3.5
2026-05-05,06:00:05,NRL,339c2c490b75fb13d6ad65cd2e53bdb0,South Sydney Rabbitohs,Cronulla Sutherland Sharks,2026-05-09T07:30:00Z,tab,totals,Over,1.9,53.5
2026-05-05,06:00:05,NRL,339c2c490b75fb13d6ad65cd2e53bdb0,South Sydney Rabbitohs,Cronulla Sutherland Sharks,2026-05-09T07:30:00Z,tab,totals,Under,1.9,53.5
2026-05-05,06:00:05,NRL,339c2c490b75fb13d6ad65cd2e53bdb0,South Sydney Rabbitohs,Cronulla Sutherland Sharks,2026-05-09T07:30:00Z,pointsbetau,h2h,Cronulla Sutherland Sharks,2.2,
2026-05-05,06:00:05,NRL,339c2c490b75fb13d6ad65cd2e53bdb0,South Sydney Rabbitohs,Cronulla Sutherland Sharks,2026-05-09T07:30:00Z,pointsbetau,h2h,South Sydney Rabbitohs,1.65,
2026-05-05,06:00:05,NRL,339c2c490b75fb13d6ad65cd2e53bdb0,South Sydney Rabbitohs,Cronulla Sutherland Sharks,2026-05-09T07:30:00Z,pointsbetau,spreads,Cronulla Sutherland Sharks,1.88,3.5
2026-05-05,06:00:05,NRL,339c2c490b75fb13d6ad65cd2e53bdb0,South Sydney Rabbitohs,Cronulla Sutherland Sharks,2026-05-09T07:30:00Z,pointsbetau,spreads,South Sydney Rabbitohs,1.88,-3.5
2026-05-05,06:00:05,NRL,339c2c490b75fb13d6ad65cd2e53bdb0,South Sydney Rabbitohs,Cronulla Sutherland Sharks,2026-05-09T07:30:00Z,pointsbetau,totals,Over,1.88,53.5
2026-05-05,06:00:05,NRL,339c2c490b75fb13d6ad65cd2e53bdb0,South Sydney Rabbitohs,Cronulla Sutherland Sharks,2026-05-09T07:30:00Z,pointsbetau,totals,Under,1.88,53.5
2026-05-05,06:00:05,NRL,339c2c490b75fb13d6ad65cd2e53bdb0,South Sydney Rabbitohs,Cronulla Sutherland Sharks,2026-05-09T07:30:00Z,ladbrokes_au,h2h,Cronulla Sutherland Sharks,2.25,
2026-05-05,06:00:05,NRL,339c2c490b75fb13d6ad65cd2e53bdb0,South Sydney Rabbitohs,Cronulla Sutherland Sharks,2026-05-09T07:30:00Z,ladbrokes_au,h2h,South Sydney Rabbitohs,1.65,
2026-05-05,06:00:05,NRL,339c2c490b75fb13d6ad65cd2e53bdb0,South Sydney Rabbitohs,Cronulla Sutherland Sharks,2026-05-09T07:30:00Z,neds,h2h,Cronulla Sutherland Sharks,2.25,
2026-05-05,06:00:05,NRL,339c2c490b75fb13d6ad65cd2e53bdb0,South Sydney Rabbitohs,Cronulla Sutherland Sharks,2026-05-09T07:30:00Z,neds,h2h,South Sydney Rabbitohs,1.65,
2026-05-05,06:00:05,NRL,339c2c490b75fb13d6ad65cd2e53bdb0,South Sydney Rabbitohs,Cronulla Sutherland Sharks,2026-05-09T07:30:00Z,unibet,h2h,Cronulla Sutherland Sharks,2.25,
2026-05-05,06:00:05,NRL,339c2c490b75fb13d6ad65cd2e53bdb0,South Sydney Rabbitohs,Cronulla Sutherland Sharks,2026-05-09T07:30:00Z,unibet,h2h,South Sydney Rabbitohs,1.63,
2026-05-05,06:00:05,NRL,339c2c490b75fb13d6ad65cd2e53bdb0,South Sydney Rabbitohs,Cronulla Sutherland Sharks,2026-05-09T07:30:00Z,unibet,spreads,Cronulla Sutherland Sharks,1.9,3.5
2026-05-05,06:00:05,NRL,339c2c490b75fb13d6ad65cd2e53bdb0,South Sydney Rabbitohs,Cronulla Sutherland Sharks,2026-05-09T07:30:00Z,unibet,spreads,South Sydney Rabbitohs,1.9,-3.5
2026-05-05,06:00:05,NRL,339c2c490b75fb13d6ad65cd2e53bdb0,South Sydney Rabbitohs,Cronulla Sutherland Sharks,2026-05-09T07:30:00Z,tabtouch,h2h,Cronulla Sutherland Sharks,2.25,
2026-05-05,06:00:05,NRL,339c2c490b75fb13d6ad65cd2e53bdb0,South Sydney Rabbitohs,Cronulla Sutherland Sharks,2026-05-09T07:30:00Z,tabtouch,h2h,South Sydney Rabbitohs,1.64,
2026-05-05,06:00:05,NRL,339c2c490b75fb13d6ad65cd2e53bdb0,South Sydney Rabbitohs,Cronulla Sutherland Sharks,2026-05-09T07:30:00Z,tabtouch,spreads,Cronulla Sutherland Sharks,1.89,3.5
2026-05-05,06:00:05,NRL,339c2c490b75fb13d6ad65cd2e53bdb0,South Sydney Rabbitohs,Cronulla Sutherland Sharks,2026-05-09T07:30:00Z,tabtouch,spreads,South Sydney Rabbitohs,1.89,-3.5
2026-05-05,06:00:05,NRL,339c2c490b75fb13d6ad65cd2e53bdb0,South Sydney Rabbitohs,Cronulla Sutherland Sharks,2026-05-09T07:30:00Z,tabtouch,totals,Over,1.88,53.5
2026-05-05,06:00:05,NRL,339c2c490b75fb13d6ad65cd2e53bdb0,South Sydney Rabbitohs,Cronulla Sutherland Sharks,2026-05-09T07:30:00Z,tabtouch,totals,Under,1.88,53.5
2026-05-05,06:00:05,NRL,339c2c490b75fb13d6ad65cd2e53bdb0,South Sydney Rabbitohs,Cronulla Sutherland Sharks,2026-05-09T07:30:00Z,playup,h2h,Cronulla Sutherland Sharks,2.15,
2026-05-05,06:00:05,NRL,339c2c490b75fb13d6ad65cd2e53bdb0,South Sydney Rabbitohs,Cronulla Sutherland Sharks,2026-05-09T07:30:00Z,playup,h2h,South Sydney Rabbitohs,1.68,
2026-05-05,06:00:05,NRL,339c2c490b75fb13d6ad65cd2e53bdb0,South Sydney Rabbitohs,Cronulla Sutherland Sharks,2026-05-09T07:30:00Z,playup,spreads,Cronulla Sutherland Sharks,1.85,3.5
2026-05-05,06:00:05,NRL,339c2c490b75fb13d6ad65cd2e53bdb0,South Sydney Rabbitohs,Cronulla Sutherland Sharks,2026-05-09T07:30:00Z,playup,spreads,South Sydney Rabbitohs,1.91,-3.5
2026-05-05,06:00:05,NRL,339c2c490b75fb13d6ad65cd2e53bdb0,South Sydney Rabbitohs,Cronulla Sutherland Sharks,2026-05-09T07:30:00Z,playup,totals,Over,1.88,53.5
2026-05-05,06:00:05,NRL,339c2c490b75fb13d6ad65cd2e53bdb0,South Sydney Rabbitohs,Cronulla Sutherland Sharks,2026-05-09T07:30:00Z,playup,totals,Under,1.88,53.5
2026-05-05,06:00:05,NRL,da7c34ff495a4acb614cd3cc5698d6dd,Manly Warringah Sea Eagles,Brisbane Broncos,2026-05-09T09:35:00Z,sportsbet,h2h,Brisbane Broncos,2.12,
2026-05-05,06:00:05,NRL,da7c34ff495a4acb614cd3cc5698d6dd,Manly Warringah Sea Eagles,Brisbane Broncos,2026-05-09T09:35:00Z,sportsbet,h2h,Manly Warringah Sea Eagles,1.73,
2026-05-05,06:00:05,NRL,da7c34ff495a4acb614cd3cc5698d6dd,Manly Warringah Sea Eagles,Brisbane Broncos,2026-05-09T09:35:00Z,sportsbet,spreads,Brisbane Broncos,1.99,1.5
2026-05-05,06:00:05,NRL,da7c34ff495a4acb614cd3cc5698d6dd,Manly Warringah Sea Eagles,Brisbane Broncos,2026-05-09T09:35:00Z,sportsbet,spreads,Manly Warringah Sea Eagles,1.82,-1.5
2026-05-05,06:00:05,NRL,da7c34ff495a4acb614cd3cc5698d6dd,Manly Warringah Sea Eagles,Brisbane Broncos,2026-05-09T09:35:00Z,sportsbet,totals,Over,1.9,50.5
2026-05-05,06:00:05,NRL,da7c34ff495a4acb614cd3cc5698d6dd,Manly Warringah Sea Eagles,Brisbane Broncos,2026-05-09T09:35:00Z,sportsbet,totals,Under,1.9,50.5
2026-05-05,06:00:05,NRL,da7c34ff495a4acb614cd3cc5698d6dd,Manly Warringah Sea Eagles,Brisbane Broncos,2026-05-09T09:35:00Z,betr_au,h2h,Brisbane Broncos,2.15,
2026-05-05,06:00:05,NRL,da7c34ff495a4acb614cd3cc5698d6dd,Manly Warringah Sea Eagles,Brisbane Broncos,2026-05-09T09:35:00Z,betr_au,h2h,Manly Warringah Sea Eagles,1.7,
2026-05-05,06:00:05,NRL,da7c34ff495a4acb614cd3cc5698d6dd,Manly Warringah Sea Eagles,Brisbane Broncos,2026-05-09T09:35:00Z,betr_au,spreads,Brisbane Broncos,1.9,2.5
2026-05-05,06:00:05,NRL,da7c34ff495a4acb614cd3cc5698d6dd,Manly Warringah Sea Eagles,Brisbane Broncos,2026-05-09T09:35:00Z,betr_au,spreads,Manly Warringah Sea Eagles,1.9,-2.5
2026-05-05,06:00:05,NRL,da7c34ff495a4acb614cd3cc5698d6dd,Manly Warringah Sea Eagles,Brisbane Broncos,2026-05-09T09:35:00Z,betright,h2h,Brisbane Broncos,2.11,
2026-05-05,06:00:05,NRL,da7c34ff495a4acb614cd3cc5698d6dd,Manly Warringah Sea Eagles,Brisbane Broncos,2026-05-09T09:35:00Z,betright,h2h,Manly Warringah Sea Eagles,1.73,
2026-05-05,06:00:05,NRL,da7c34ff495a4acb614cd3cc5698d6dd,Manly Warringah Sea Eagles,Brisbane Broncos,2026-05-09T09:35:00Z,betright,spreads,Brisbane Broncos,1.92,2.5
2026-05-05,06:00:05,NRL,da7c34ff495a4acb614cd3cc5698d6dd,Manly Warringah Sea Eagles,Brisbane Broncos,2026-05-09T09:35:00Z,betright,spreads,Manly Warringah Sea Eagles,1.88,-2.5
2026-05-05,06:00:05,NRL,da7c34ff495a4acb614cd3cc5698d6dd,Manly Warringah Sea Eagles,Brisbane Broncos,2026-05-09T09:35:00Z,betfair_ex_au,h2h,Brisbane Broncos,2.26,
2026-05-05,06:00:05,NRL,da7c34ff495a4acb614cd3cc5698d6dd,Manly Warringah Sea Eagles,Brisbane Broncos,2026-05-09T09:35:00Z,betfair_ex_au,h2h,Manly Warringah Sea Eagles,1.76,
2026-05-05,06:00:05,NRL,da7c34ff495a4acb614cd3cc5698d6dd,Manly Warringah Sea Eagles,Brisbane Broncos,2026-05-09T09:35:00Z,betfair_ex_au,h2h_lay,Brisbane Broncos,2.3,
2026-05-05,06:00:05,NRL,da7c34ff495a4acb614cd3cc5698d6dd,Manly Warringah Sea Eagles,Brisbane Broncos,2026-05-09T09:35:00Z,betfair_ex_au,h2h_lay,Manly Warringah Sea Eagles,1.8,
2026-05-05,06:00:05,NRL,da7c34ff495a4acb614cd3cc5698d6dd,Manly Warringah Sea Eagles,Brisbane Broncos,2026-05-09T09:35:00Z,tab,h2h,Brisbane Broncos,2.2,
2026-05-05,06:00:05,NRL,da7c34ff495a4acb614cd3cc5698d6dd,Manly Warringah Sea Eagles,Brisbane Broncos,2026-05-09T09:35:00Z,tab,h2h,Manly Warringah Sea Eagles,1.67,
2026-05-05,06:00:05,NRL,da7c34ff495a4acb614cd3cc5698d6dd,Manly Warringah Sea Eagles,Brisbane Broncos,2026-05-09T09:35:00Z,tab,spreads,Brisbane Broncos,1.9,2.5
2026-05-05,06:00:05,NRL,da7c34ff495a4acb614cd3cc5698d6dd,Manly Warringah Sea Eagles,Brisbane Broncos,2026-05-09T09:35:00Z,tab,spreads,Manly Warringah Sea Eagles,1.9,-2.5
2026-05-05,06:00:05,NRL,da7c34ff495a4acb614cd3cc5698d6dd,Manly Warringah Sea Eagles,Brisbane Broncos,2026-05-09T09:35:00Z,tab,totals,Over,1.9,50.5
2026-05-05,06:00:05,NRL,da7c34ff495a4acb614cd3cc5698d6dd,Manly Warringah Sea Eagles,Brisbane Broncos,2026-05-09T09:35:00Z,tab,totals,Under,1.9,50.5
2026-05-05,06:00:05,NRL,da7c34ff495a4acb614cd3cc5698d6dd,Manly Warringah Sea Eagles,Brisbane Broncos,2026-05-09T09:35:00Z,pointsbetau,h2h,Brisbane Broncos,2.05,
2026-05-05,06:00:05,NRL,da7c34ff495a4acb614cd3cc5698d6dd,Manly Warringah Sea Eagles,Brisbane Broncos,2026-05-09T09:35:00Z,pointsbetau,h2h,Manly Warringah Sea Eagles,1.77,
2026-05-05,06:00:05,NRL,da7c34ff495a4acb614cd3cc5698d6dd,Manly Warringah Sea Eagles,Brisbane Broncos,2026-05-09T09:35:00Z,pointsbetau,spreads,Brisbane Broncos,1.95,1.5
2026-05-05,06:00:05,NRL,da7c34ff495a4acb614cd3cc5698d6dd,Manly Warringah Sea Eagles,Brisbane Broncos,2026-05-09T09:35:00Z,pointsbetau,spreads,Manly Warringah Sea Eagles,1.83,-1.5
2026-05-05,06:00:05,NRL,da7c34ff495a4acb614cd3cc5698d6dd,Manly Warringah Sea Eagles,Brisbane Broncos,2026-05-09T09:35:00Z,pointsbetau,totals,Over,1.88,50.5
2026-05-05,06:00:05,NRL,da7c34ff495a4acb614cd3cc5698d6dd,Manly Warringah Sea Eagles,Brisbane Broncos,2026-05-09T09:35:00Z,pointsbetau,totals,Under,1.88,50.5
2026-05-05,06:00:05,NRL,da7c34ff495a4acb614cd3cc5698d6dd,Manly Warringah Sea Eagles,Brisbane Broncos,2026-05-09T09:35:00Z,neds,h2h,Brisbane Broncos,2.15,
2026-05-05,06:00:05,NRL,da7c34ff495a4acb614cd3cc5698d6dd,Manly Warringah Sea Eagles,Brisbane Broncos,2026-05-09T09:35:00Z,neds,h2h,Manly Warringah Sea Eagles,1.7,
2026-05-05,06:00:05,NRL,da7c34ff495a4acb614cd3cc5698d6dd,Manly Warringah Sea Eagles,Brisbane Broncos,2026-05-09T09:35:00Z,ladbrokes_au,h2h,Brisbane Broncos,2.15,
2026-05-05,06:00:05,NRL,da7c34ff495a4acb614cd3cc5698d6dd,Manly Warringah Sea Eagles,Brisbane Broncos,2026-05-09T09:35:00Z,ladbrokes_au,h2h,Manly Warringah Sea Eagles,1.7,
2026-05-05,06:00:05,NRL,da7c34ff495a4acb614cd3cc5698d6dd,Manly Warringah Sea Eagles,Brisbane Broncos,2026-05-09T09:35:00Z,unibet,h2h,Brisbane Broncos,2.23,
2026-05-05,06:00:05,NRL,da7c34ff495a4acb614cd3cc5698d6dd,Manly Warringah Sea Eagles,Brisbane Broncos,2026-05-09T09:35:00Z,unibet,h2h,Manly Warringah Sea Eagles,1.64,
2026-05-05,06:00:05,NRL,da7c34ff495a4acb614cd3cc5698d6dd,Manly Warringah Sea Eagles,Brisbane Broncos,2026-05-09T09:35:00Z,unibet,spreads,Brisbane Broncos,1.89,2.5
2026-05-05,06:00:05,NRL,da7c34ff495a4acb614cd3cc5698d6dd,Manly Warringah Sea Eagles,Brisbane Broncos,2026-05-09T09:35:00Z,unibet,spreads,Manly Warringah Sea Eagles,1.91,-2.5
2026-05-05,06:00:05,NRL,da7c34ff495a4acb614cd3cc5698d6dd,Manly Warringah Sea Eagles,Brisbane Broncos,2026-05-09T09:35:00Z,tabtouch,h2h,Brisbane Broncos,2.25,
2026-05-05,06:00:05,NRL,da7c34ff495a4acb614cd3cc5698d6dd,Manly Warringah Sea Eagles,Brisbane Broncos,2026-05-09T09:35:00Z,tabtouch,h2h,Manly Warringah Sea Eagles,1.65,
2026-05-05,06:00:05,NRL,da7c34ff495a4acb614cd3cc5698d6dd,Manly Warringah Sea Eagles,Brisbane Broncos,2026-05-09T09:35:00Z,tabtouch,spreads,Brisbane Broncos,1.88,2.5
2026-05-05,06:00:05,NRL,da7c34ff495a4acb614cd3cc5698d6dd,Manly Warringah Sea Eagles,Brisbane Broncos,2026-05-09T09:35:00Z,tabtouch,spreads,Manly Warringah Sea Eagles,1.91,-2.5
2026-05-05,06:00:05,NRL,da7c34ff495a4acb614cd3cc5698d6dd,Manly Warringah Sea Eagles,Brisbane Broncos,2026-05-09T09:35:00Z,tabtouch,totals,Over,1.88,50.5
2026-05-05,06:00:05,NRL,da7c34ff495a4acb614cd3cc5698d6dd,Manly Warringah Sea Eagles,Brisbane Broncos,2026-05-09T09:35:00Z,tabtouch,totals,Under,1.88,50.5
2026-05-05,06:00:05,NRL,da7c34ff495a4acb614cd3cc5698d6dd,Manly Warringah Sea Eagles,Brisbane Broncos,2026-05-09T09:35:00Z,playup,h2h,Brisbane Broncos,2.2,
2026-05-05,06:00:05,NRL,da7c34ff495a4acb614cd3cc5698d6dd,Manly Warringah Sea Eagles,Brisbane Broncos,2026-05-09T09:35:00Z,playup,h2h,Manly Warringah Sea Eagles,1.65,
2026-05-05,06:00:05,NRL,da7c34ff495a4acb614cd3cc5698d6dd,Manly Warringah Sea Eagles,Brisbane Broncos,2026-05-09T09:35:00Z,playup,spreads,Brisbane Broncos,1.88,2.5
2026-05-05,06:00:05,NRL,da7c34ff495a4acb614cd3cc5698d6dd,Manly Warringah Sea Eagles,Brisbane Broncos,2026-05-09T09:35:00Z,playup,spreads,Manly Warringah Sea Eagles,1.88,-2.5
2026-05-05,06:00:05,NRL,da7c34ff495a4acb614cd3cc5698d6dd,Manly Warringah Sea Eagles,Brisbane Broncos,2026-05-09T09:35:00Z,playup,totals,Over,1.88,50.5
2026-05-05,06:00:05,NRL,da7c34ff495a4acb614cd3cc5698d6dd,Manly Warringah Sea Eagles,Brisbane Broncos,2026-05-09T09:35:00Z,playup,totals,Under,1.88,50.5
2026-05-05,06:00:05,NRL,f88a8cb2ae06c12f2274d19a0d1087fc,Melbourne Storm,Wests Tigers,2026-05-10T04:00:00Z,sportsbet,h2h,Melbourne Storm,1.59,
2026-05-05,06:00:05,NRL,f88a8cb2ae06c12f2274d19a0d1087fc,Melbourne Storm,Wests Tigers,2026-05-10T04:00:00Z,sportsbet,h2h,Wests Tigers,2.36,
2026-05-05,06:00:05,NRL,f88a8cb2ae06c12f2274d19a0d1087fc,Melbourne Storm,Wests Tigers,2026-05-10T04:00:00Z,sportsbet,spreads,Melbourne Storm,1.9,-5.5
2026-05-05,06:00:05,NRL,f88a8cb2ae06c12f2274d19a0d1087fc,Melbourne Storm,Wests Tigers,2026-05-10T04:00:00Z,sportsbet,spreads,Wests Tigers,1.9,5.5
2026-05-05,06:00:05,NRL,f88a8cb2ae06c12f2274d19a0d1087fc,Melbourne Storm,Wests Tigers,2026-05-10T04:00:00Z,sportsbet,totals,Over,1.9,54.5
2026-05-05,06:00:05,NRL,f88a8cb2ae06c12f2274d19a0d1087fc,Melbourne Storm,Wests Tigers,2026-05-10T04:00:00Z,sportsbet,totals,Under,1.9,54.5
2026-05-05,06:00:05,NRL,f88a8cb2ae06c12f2274d19a0d1087fc,Melbourne Storm,Wests Tigers,2026-05-10T04:00:00Z,betr_au,h2h,Melbourne Storm,1.55,
2026-05-05,06:00:05,NRL,f88a8cb2ae06c12f2274d19a0d1087fc,Melbourne Storm,Wests Tigers,2026-05-10T04:00:00Z,betr_au,h2h,Wests Tigers,2.45,
2026-05-05,06:00:05,NRL,f88a8cb2ae06c12f2274d19a0d1087fc,Melbourne Storm,Wests Tigers,2026-05-10T04:00:00Z,betr_au,spreads,Melbourne Storm,1.85,-4.5
2026-05-05,06:00:05,NRL,f88a8cb2ae06c12f2274d19a0d1087fc,Melbourne Storm,Wests Tigers,2026-05-10T04:00:00Z,betr_au,spreads,Wests Tigers,1.95,4.5
2026-05-05,06:00:05,NRL,f88a8cb2ae06c12f2274d19a0d1087fc,Melbourne Storm,Wests Tigers,2026-05-10T04:00:00Z,betright,h2h,Melbourne Storm,1.58,
2026-05-05,06:00:05,NRL,f88a8cb2ae06c12f2274d19a0d1087fc,Melbourne Storm,Wests Tigers,2026-05-10T04:00:00Z,betright,h2h,Wests Tigers,2.38,
2026-05-05,06:00:05,NRL,f88a8cb2ae06c12f2274d19a0d1087fc,Melbourne Storm,Wests Tigers,2026-05-10T04:00:00Z,betright,spreads,Melbourne Storm,1.9,-5.5
2026-05-05,06:00:05,NRL,f88a8cb2ae06c12f2274d19a0d1087fc,Melbourne Storm,Wests Tigers,2026-05-10T04:00:00Z,betright,spreads,Wests Tigers,1.9,5.5
2026-05-05,06:00:05,NRL,f88a8cb2ae06c12f2274d19a0d1087fc,Melbourne Storm,Wests Tigers,2026-05-10T04:00:00Z,betfair_ex_au,h2h,Melbourne Storm,1.62,
2026-05-05,06:00:05,NRL,f88a8cb2ae06c12f2274d19a0d1087fc,Melbourne Storm,Wests Tigers,2026-05-10T04:00:00Z,betfair_ex_au,h2h,Wests Tigers,2.46,
2026-05-05,06:00:05,NRL,f88a8cb2ae06c12f2274d19a0d1087fc,Melbourne Storm,Wests Tigers,2026-05-10T04:00:00Z,betfair_ex_au,h2h_lay,Melbourne Storm,1.68,
2026-05-05,06:00:05,NRL,f88a8cb2ae06c12f2274d19a0d1087fc,Melbourne Storm,Wests Tigers,2026-05-10T04:00:00Z,betfair_ex_au,h2h_lay,Wests Tigers,2.62,
2026-05-05,06:00:05,NRL,f88a8cb2ae06c12f2274d19a0d1087fc,Melbourne Storm,Wests Tigers,2026-05-10T04:00:00Z,tab,h2h,Melbourne Storm,1.55,
2026-05-05,06:00:05,NRL,f88a8cb2ae06c12f2274d19a0d1087fc,Melbourne Storm,Wests Tigers,2026-05-10T04:00:00Z,tab,h2h,Wests Tigers,2.45,
2026-05-05,06:00:05,NRL,f88a8cb2ae06c12f2274d19a0d1087fc,Melbourne Storm,Wests Tigers,2026-05-10T04:00:00Z,tab,spreads,Melbourne Storm,1.85,-4.5
2026-05-05,06:00:05,NRL,f88a8cb2ae06c12f2274d19a0d1087fc,Melbourne Storm,Wests Tigers,2026-05-10T04:00:00Z,tab,spreads,Wests Tigers,1.95,4.5
2026-05-05,06:00:05,NRL,f88a8cb2ae06c12f2274d19a0d1087fc,Melbourne Storm,Wests Tigers,2026-05-10T04:00:00Z,tab,totals,Over,1.9,54.5
2026-05-05,06:00:05,NRL,f88a8cb2ae06c12f2274d19a0d1087fc,Melbourne Storm,Wests Tigers,2026-05-10T04:00:00Z,tab,totals,Under,1.9,54.5
2026-05-05,06:00:05,NRL,f88a8cb2ae06c12f2274d19a0d1087fc,Melbourne Storm,Wests Tigers,2026-05-10T04:00:00Z,pointsbetau,h2h,Melbourne Storm,1.55,
2026-05-05,06:00:05,NRL,f88a8cb2ae06c12f2274d19a0d1087fc,Melbourne Storm,Wests Tigers,2026-05-10T04:00:00Z,pointsbetau,h2h,Wests Tigers,2.4,
2026-05-05,06:00:05,NRL,f88a8cb2ae06c12f2274d19a0d1087fc,Melbourne Storm,Wests Tigers,2026-05-10T04:00:00Z,pointsbetau,spreads,Melbourne Storm,1.83,-5.5
2026-05-05,06:00:05,NRL,f88a8cb2ae06c12f2274d19a0d1087fc,Melbourne Storm,Wests Tigers,2026-05-10T04:00:00Z,pointsbetau,spreads,Wests Tigers,1.95,5.5
2026-05-05,06:00:05,NRL,f88a8cb2ae06c12f2274d19a0d1087fc,Melbourne Storm,Wests Tigers,2026-05-10T04:00:00Z,pointsbetau,totals,Over,1.88,54.5
2026-05-05,06:00:05,NRL,f88a8cb2ae06c12f2274d19a0d1087fc,Melbourne Storm,Wests Tigers,2026-05-10T04:00:00Z,pointsbetau,totals,Under,1.88,54.5
2026-05-05,06:00:05,NRL,f88a8cb2ae06c12f2274d19a0d1087fc,Melbourne Storm,Wests Tigers,2026-05-10T04:00:00Z,ladbrokes_au,h2h,Melbourne Storm,1.58,
2026-05-05,06:00:05,NRL,f88a8cb2ae06c12f2274d19a0d1087fc,Melbourne Storm,Wests Tigers,2026-05-10T04:00:00Z,ladbrokes_au,h2h,Wests Tigers,2.4,
2026-05-05,06:00:05,NRL,f88a8cb2ae06c12f2274d19a0d1087fc,Melbourne Storm,Wests Tigers,2026-05-10T04:00:00Z,neds,h2h,Melbourne Storm,1.58,
2026-05-05,06:00:05,NRL,f88a8cb2ae06c12f2274d19a0d1087fc,Melbourne Storm,Wests Tigers,2026-05-10T04:00:00Z,neds,h2h,Wests Tigers,2.4,
2026-05-05,06:00:05,NRL,f88a8cb2ae06c12f2274d19a0d1087fc,Melbourne Storm,Wests Tigers,2026-05-10T04:00:00Z,playup,h2h,Melbourne Storm,1.55,
2026-05-05,06:00:05,NRL,f88a8cb2ae06c12f2274d19a0d1087fc,Melbourne Storm,Wests Tigers,2026-05-10T04:00:00Z,playup,h2h,Wests Tigers,2.4,
2026-05-05,06:00:05,NRL,f88a8cb2ae06c12f2274d19a0d1087fc,Melbourne Storm,Wests Tigers,2026-05-10T04:00:00Z,playup,spreads,Melbourne Storm,1.85,-4.5
2026-05-05,06:00:05,NRL,f88a8cb2ae06c12f2274d19a0d1087fc,Melbourne Storm,Wests Tigers,2026-05-10T04:00:00Z,playup,spreads,Wests Tigers,1.91,4.5
2026-05-05,06:00:05,NRL,f88a8cb2ae06c12f2274d19a0d1087fc,Melbourne Storm,Wests Tigers,2026-05-10T04:00:00Z,playup,totals,Over,1.88,54.5
2026-05-05,06:00:05,NRL,f88a8cb2ae06c12f2274d19a0d1087fc,Melbourne Storm,Wests Tigers,2026-05-10T04:00:00Z,playup,totals,Under,1.88,54.5
2026-05-05,06:00:05,NRL,f88a8cb2ae06c12f2274d19a0d1087fc,Melbourne Storm,Wests Tigers,2026-05-10T04:00:00Z,unibet,h2h,Melbourne Storm,1.55,
2026-05-05,06:00:05,NRL,f88a8cb2ae06c12f2274d19a0d1087fc,Melbourne Storm,Wests Tigers,2026-05-10T04:00:00Z,unibet,h2h,Wests Tigers,2.43,
2026-05-05,06:00:05,NRL,f88a8cb2ae06c12f2274d19a0d1087fc,Melbourne Storm,Wests Tigers,2026-05-10T04:00:00Z,unibet,spreads,Melbourne Storm,1.9,-5.5
2026-05-05,06:00:05,NRL,f88a8cb2ae06c12f2274d19a0d1087fc,Melbourne Storm,Wests Tigers,2026-05-10T04:00:00Z,unibet,spreads,Wests Tigers,1.9,5.5
2026-05-05,06:00:05,NRL,f88a8cb2ae06c12f2274d19a0d1087fc,Melbourne Storm,Wests Tigers,2026-05-10T04:00:00Z,tabtouch,h2h,Melbourne Storm,1.55,
2026-05-05,06:00:05,NRL,f88a8cb2ae06c12f2274d19a0d1087fc,Melbourne Storm,Wests Tigers,2026-05-10T04:00:00Z,tabtouch,h2h,Wests Tigers,2.45,
2026-05-05,06:00:05,NRL,f88a8cb2ae06c12f2274d19a0d1087fc,Melbourne Storm,Wests Tigers,2026-05-10T04:00:00Z,tabtouch,spreads,Melbourne Storm,1.89,-5.5
2026-05-05,06:00:05,NRL,f88a8cb2ae06c12f2274d19a0d1087fc,Melbourne Storm,Wests Tigers,2026-05-10T04:00:00Z,tabtouch,spreads,Wests Tigers,1.89,5.5
2026-05-05,06:00:05,NRL,f88a8cb2ae06c12f2274d19a0d1087fc,Melbourne Storm,Wests Tigers,2026-05-10T04:00:00Z,tabtouch,totals,Over,1.88,54.5
2026-05-05,06:00:05,NRL,f88a8cb2ae06c12f2274d19a0d1087fc,Melbourne Storm,Wests Tigers,2026-05-10T04:00:00Z,tabtouch,totals,Under,1.88,54.5
2026-05-05,06:00:05,NRL,fff365ac1beade5b1086164db06a2450,Canberra Raiders,Penrith Panthers,2026-05-10T06:05:00Z,sportsbet,h2h,Canberra Raiders,3.62,
2026-05-05,06:00:05,NRL,fff365ac1beade5b1086164db06a2450,Canberra Raiders,Penrith Panthers,2026-05-10T06:05:00Z,sportsbet,h2h,Penrith Panthers,1.29,
2026-05-05,06:00:05,NRL,fff365ac1beade5b1086164db06a2450,Canberra Raiders,Penrith Panthers,2026-05-10T06:05:00Z,sportsbet,spreads,Canberra Raiders,1.83,10.5
2026-05-05,06:00:05,NRL,fff365ac1beade5b1086164db06a2450,Canberra Raiders,Penrith Panthers,2026-05-10T06:05:00Z,sportsbet,spreads,Penrith Panthers,1.98,-10.5
2026-05-05,06:00:05,NRL,fff365ac1beade5b1086164db06a2450,Canberra Raiders,Penrith Panthers,2026-05-10T06:05:00Z,sportsbet,totals,Over,1.98,50.5
2026-05-05,06:00:05,NRL,fff365ac1beade5b1086164db06a2450,Canberra Raiders,Penrith Panthers,2026-05-10T06:05:00Z,sportsbet,totals,Under,1.82,50.5
2026-05-05,06:00:05,NRL,fff365ac1beade5b1086164db06a2450,Canberra Raiders,Penrith Panthers,2026-05-10T06:05:00Z,betr_au,h2h,Canberra Raiders,3.5,
2026-05-05,06:00:05,NRL,fff365ac1beade5b1086164db06a2450,Canberra Raiders,Penrith Panthers,2026-05-10T06:05:00Z,betr_au,h2h,Penrith Panthers,1.3,
2026-05-05,06:00:05,NRL,fff365ac1beade5b1086164db06a2450,Canberra Raiders,Penrith Panthers,2026-05-10T06:05:00Z,betr_au,spreads,Canberra Raiders,1.9,10.5
2026-05-05,06:00:05,NRL,fff365ac1beade5b1086164db06a2450,Canberra Raiders,Penrith Panthers,2026-05-10T06:05:00Z,betr_au,spreads,Penrith Panthers,1.9,-10.5
2026-05-05,06:00:05,NRL,fff365ac1beade5b1086164db06a2450,Canberra Raiders,Penrith Panthers,2026-05-10T06:05:00Z,betright,h2h,Canberra Raiders,3.55,
2026-05-05,06:00:05,NRL,fff365ac1beade5b1086164db06a2450,Canberra Raiders,Penrith Panthers,2026-05-10T06:05:00Z,betright,h2h,Penrith Panthers,1.3,
2026-05-05,06:00:05,NRL,fff365ac1beade5b1086164db06a2450,Canberra Raiders,Penrith Panthers,2026-05-10T06:05:00Z,betright,spreads,Canberra Raiders,1.9,10.5
2026-05-05,06:00:05,NRL,fff365ac1beade5b1086164db06a2450,Canberra Raiders,Penrith Panthers,2026-05-10T06:05:00Z,betright,spreads,Penrith Panthers,1.9,-10.5
2026-05-05,06:00:05,NRL,fff365ac1beade5b1086164db06a2450,Canberra Raiders,Penrith Panthers,2026-05-10T06:05:00Z,betfair_ex_au,h2h,Canberra Raiders,3.4,
2026-05-05,06:00:05,NRL,fff365ac1beade5b1086164db06a2450,Canberra Raiders,Penrith Panthers,2026-05-10T06:05:00Z,betfair_ex_au,h2h,Penrith Panthers,1.31,
2026-05-05,06:00:05,NRL,fff365ac1beade5b1086164db06a2450,Canberra Raiders,Penrith Panthers,2026-05-10T06:05:00Z,betfair_ex_au,h2h_lay,Canberra Raiders,5.0,
2026-05-05,06:00:05,NRL,fff365ac1beade5b1086164db06a2450,Canberra Raiders,Penrith Panthers,2026-05-10T06:05:00Z,betfair_ex_au,h2h_lay,Penrith Panthers,1.41,
2026-05-05,06:00:05,NRL,fff365ac1beade5b1086164db06a2450,Canberra Raiders,Penrith Panthers,2026-05-10T06:05:00Z,tab,h2h,Canberra Raiders,3.4,
2026-05-05,06:00:05,NRL,fff365ac1beade5b1086164db06a2450,Canberra Raiders,Penrith Panthers,2026-05-10T06:05:00Z,tab,h2h,Penrith Panthers,1.32,
2026-05-05,06:00:05,NRL,fff365ac1beade5b1086164db06a2450,Canberra Raiders,Penrith Panthers,2026-05-10T06:05:00Z,tab,spreads,Canberra Raiders,1.85,10.5
2026-05-05,06:00:05,NRL,fff365ac1beade5b1086164db06a2450,Canberra Raiders,Penrith Panthers,2026-05-10T06:05:00Z,tab,spreads,Penrith Panthers,1.95,-10.5
2026-05-05,06:00:05,NRL,fff365ac1beade5b1086164db06a2450,Canberra Raiders,Penrith Panthers,2026-05-10T06:05:00Z,tab,totals,Over,1.95,50.5
2026-05-05,06:00:05,NRL,fff365ac1beade5b1086164db06a2450,Canberra Raiders,Penrith Panthers,2026-05-10T06:05:00Z,tab,totals,Under,1.85,50.5
2026-05-05,06:00:05,NRL,fff365ac1beade5b1086164db06a2450,Canberra Raiders,Penrith Panthers,2026-05-10T06:05:00Z,pointsbetau,h2h,Canberra Raiders,3.4,
2026-05-05,06:00:05,NRL,fff365ac1beade5b1086164db06a2450,Canberra Raiders,Penrith Panthers,2026-05-10T06:05:00Z,pointsbetau,h2h,Penrith Panthers,1.3,
2026-05-05,06:00:05,NRL,fff365ac1beade5b1086164db06a2450,Canberra Raiders,Penrith Panthers,2026-05-10T06:05:00Z,pointsbetau,spreads,Canberra Raiders,1.83,10.5
2026-05-05,06:00:05,NRL,fff365ac1beade5b1086164db06a2450,Canberra Raiders,Penrith Panthers,2026-05-10T06:05:00Z,pointsbetau,spreads,Penrith Panthers,1.95,-10.5
2026-05-05,06:00:05,NRL,fff365ac1beade5b1086164db06a2450,Canberra Raiders,Penrith Panthers,2026-05-10T06:05:00Z,pointsbetau,totals,Over,1.95,50.5
2026-05-05,06:00:05,NRL,fff365ac1beade5b1086164db06a2450,Canberra Raiders,Penrith Panthers,2026-05-10T06:05:00Z,pointsbetau,totals,Under,1.83,50.5
2026-05-05,06:00:05,NRL,fff365ac1beade5b1086164db06a2450,Canberra Raiders,Penrith Panthers,2026-05-10T06:05:00Z,neds,h2h,Canberra Raiders,3.5,
2026-05-05,06:00:05,NRL,fff365ac1beade5b1086164db06a2450,Canberra Raiders,Penrith Panthers,2026-05-10T06:05:00Z,neds,h2h,Penrith Panthers,1.3,
2026-05-05,06:00:05,NRL,fff365ac1beade5b1086164db06a2450,Canberra Raiders,Penrith Panthers,2026-05-10T06:05:00Z,ladbrokes_au,h2h,Canberra Raiders,3.5,
2026-05-05,06:00:05,NRL,fff365ac1beade5b1086164db06a2450,Canberra Raiders,Penrith Panthers,2026-05-10T06:05:00Z,ladbrokes_au,h2h,Penrith Panthers,1.3,
2026-05-05,06:00:05,NRL,fff365ac1beade5b1086164db06a2450,Canberra Raiders,Penrith Panthers,2026-05-10T06:05:00Z,tabtouch,h2h,Canberra Raiders,3.45,
2026-05-05,06:00:05,NRL,fff365ac1beade5b1086164db06a2450,Canberra Raiders,Penrith Panthers,2026-05-10T06:05:00Z,tabtouch,h2h,Penrith Panthers,1.32,
2026-05-05,06:00:05,NRL,fff365ac1beade5b1086164db06a2450,Canberra Raiders,Penrith Panthers,2026-05-10T06:05:00Z,tabtouch,spreads,Canberra Raiders,1.89,10.5
2026-05-05,06:00:05,NRL,fff365ac1beade5b1086164db06a2450,Canberra Raiders,Penrith Panthers,2026-05-10T06:05:00Z,tabtouch,spreads,Penrith Panthers,1.89,-10.5
2026-05-05,06:00:05,NRL,fff365ac1beade5b1086164db06a2450,Canberra Raiders,Penrith Panthers,2026-05-10T06:05:00Z,tabtouch,totals,Over,1.94,50.5
2026-05-05,06:00:05,NRL,fff365ac1beade5b1086164db06a2450,Canberra Raiders,Penrith Panthers,2026-05-10T06:05:00Z,tabtouch,totals,Under,1.81,50.5
2026-05-05,06:00:05,NRL,fff365ac1beade5b1086164db06a2450,Canberra Raiders,Penrith Panthers,2026-05-10T06:05:00Z,unibet,h2h,Canberra Raiders,3.4,
2026-05-05,06:00:05,NRL,fff365ac1beade5b1086164db06a2450,Canberra Raiders,Penrith Panthers,2026-05-10T06:05:00Z,unibet,h2h,Penrith Panthers,1.3,
2026-05-05,06:00:05,NRL,fff365ac1beade5b1086164db06a2450,Canberra Raiders,Penrith Panthers,2026-05-10T06:05:00Z,unibet,spreads,Canberra Raiders,1.9,10.5
2026-05-05,06:00:05,NRL,fff365ac1beade5b1086164db06a2450,Canberra Raiders,Penrith Panthers,2026-05-10T06:05:00Z,unibet,spreads,Penrith Panthers,1.9,-10.5
2026-05-05,06:00:05,NRL,fff365ac1beade5b1086164db06a2450,Canberra Raiders,Penrith Panthers,2026-05-10T06:05:00Z,playup,h2h,Canberra Raiders,3.4,
2026-05-05,06:00:05,NRL,fff365ac1beade5b1086164db06a2450,Canberra Raiders,Penrith Panthers,2026-05-10T06:05:00Z,playup,h2h,Penrith Panthers,1.3,
2026-05-05,06:00:05,NRL,fff365ac1beade5b1086164db06a2450,Canberra Raiders,Penrith Panthers,2026-05-10T06:05:00Z,playup,spreads,Canberra Raiders,1.85,10.5
2026-05-05,06:00:05,NRL,fff365ac1beade5b1086164db06a2450,Canberra Raiders,Penrith Panthers,2026-05-10T06:05:00Z,playup,spreads,Penrith Panthers,1.91,-10.5
2026-05-05,06:00:05,NRL,fff365ac1beade5b1086164db06a2450,Canberra Raiders,Penrith Panthers,2026-05-10T06:05:00Z,playup,totals,Over,1.91,50.5
2026-05-05,06:00:05,NRL,fff365ac1beade5b1086164db06a2450,Canberra Raiders,Penrith Panthers,2026-05-10T06:05:00Z,playup,totals,Under,1.85,50.5
