team,section,category,cover_rate_pct,market_implied_pct,diff_pp,edge_pct,direction,n,flag
Adelaide,OVERALL,Cover Rate — All Games,53.8,50.0,3.8,7.6,covers,93,False
Adelaide,OVERALL,Cover Rate — Home,51.0,50.0,1.0,2.0,covers,49,False
Adelaide,OVERALL,Cover Rate — Away,56.8,50.0,6.8,13.6,covers,44,False
Adelaide,OVERALL,Finals Games,,50.0,,,,,
Adelaide,FAVOURITE vs UNDERDOG,As Favourite (line < 0),47.7,50.0,-2.3,4.6,fades,44,False
Adelaide,FAVOURITE vs UNDERDOG,As Underdog  (line > 0),59.2,50.0,9.2,18.4,covers,49,True
Adelaide,FAVOURITE vs UNDERDOG,Heavy Fav (line ≤ -18.5),55.0,50.0,5.0,10.0,covers,20,False
Adelaide,FAVOURITE vs UNDERDOG,Slight Fav (line -1 to -18),41.7,50.0,-8.3,16.6,fades,24,True
Adelaide,FAVOURITE vs UNDERDOG,Slight Dog (line +1 to +18),62.5,50.0,12.5,25.0,covers,32,True
Adelaide,FAVOURITE vs UNDERDOG,Big Dog    (line ≥ +18.5),52.9,50.0,2.9,5.8,covers,17,False
Adelaide,TIME OF DAY,Night Games (kick-off ≥ 18:00),42.9,50.0,-7.1,14.2,fades,35,False
Adelaide,TIME OF DAY,Day Games (kick-off < 18:00),60.3,50.0,10.3,20.6,covers,58,True
Adelaide,DAY OF WEEK,Thursday / Friday Games,37.5,50.0,-12.5,25.0,fades,16,True
Adelaide,DAY OF WEEK,Saturday Games,58.0,50.0,8.0,16.0,covers,50,True
Adelaide,DAY OF WEEK,Sunday Games,55.6,50.0,5.6,11.2,covers,27,False
Adelaide,FORM,After a Win,48.9,50.0,-1.1,2.2,fades,45,False
Adelaide,FORM,After a Loss,59.6,50.0,9.6,19.2,covers,47,True
Adelaide,REST,Short Rest (≤ 6 days),50.0,50.0,0.0,0.0,fades,36,False
Adelaide,REST,Normal Rest (7–9 days),58.7,50.0,8.7,17.4,covers,46,True
Adelaide,REST,Long Rest / Bye (≥ 10 days),50.0,50.0,0.0,0.0,fades,10,False
Adelaide,MOON PHASE,New Moon (±1 day),28.6,50.0,-21.4,42.8,fades,7,True
Adelaide,MOON PHASE,Full Moon (±1 day),40.0,50.0,-10.0,20.0,fades,5,True
Adelaide,BY MONTH,March,30.0,50.0,-20.0,40.0,fades,10,True
Adelaide,BY MONTH,April,66.7,50.0,16.7,33.4,covers,18,True
Adelaide,BY MONTH,May,58.8,50.0,8.8,17.6,covers,17,True
Adelaide,BY MONTH,June,46.2,50.0,-3.8,7.6,fades,13,False
Adelaide,BY MONTH,July,66.7,50.0,16.7,33.4,covers,18,True
Adelaide,BY MONTH,August,46.7,50.0,-3.3,6.6,fades,15,False
Adelaide,BY MONTH,September,,50.0,,,,,
Adelaide,BY MONTH,October,,50.0,,,,,
Adelaide,HEAD TO HEAD vs OPPONENT,vs Brisbane,50.0,50.0,0.0,0.0,fades,6,False
Adelaide,HEAD TO HEAD vs OPPONENT,vs Carlton,80.0,50.0,30.0,60.0,covers,5,True
Adelaide,HEAD TO HEAD vs OPPONENT,vs Collingwood,62.5,50.0,12.5,25.0,covers,8,True
Adelaide,HEAD TO HEAD vs OPPONENT,vs Essendon,60.0,50.0,10.0,20.0,covers,5,True
Adelaide,HEAD TO HEAD vs OPPONENT,vs Fremantle,25.0,50.0,-25.0,50.0,fades,4,True
Adelaide,HEAD TO HEAD vs OPPONENT,vs GWS Giants,40.0,50.0,-10.0,20.0,fades,5,True
Adelaide,HEAD TO HEAD vs OPPONENT,vs Geelong,40.0,50.0,-10.0,20.0,fades,5,True
Adelaide,HEAD TO HEAD vs OPPONENT,vs Gold Coast,66.7,50.0,16.7,33.4,covers,6,True
Adelaide,HEAD TO HEAD vs OPPONENT,vs Hawthorn,28.6,50.0,-21.4,42.8,fades,7,True
Adelaide,HEAD TO HEAD vs OPPONENT,vs Melbourne,25.0,50.0,-25.0,50.0,fades,4,True
Adelaide,HEAD TO HEAD vs OPPONENT,vs North Melbourne,50.0,50.0,0.0,0.0,fades,6,False
Adelaide,HEAD TO HEAD vs OPPONENT,vs Port Adelaide,62.5,50.0,12.5,25.0,covers,8,True
Adelaide,HEAD TO HEAD vs OPPONENT,vs Richmond,50.0,50.0,0.0,0.0,fades,4,False
Adelaide,HEAD TO HEAD vs OPPONENT,vs St Kilda,75.0,50.0,25.0,50.0,covers,4,True
Adelaide,HEAD TO HEAD vs OPPONENT,vs Sydney,40.0,50.0,-10.0,20.0,fades,5,True
Adelaide,HEAD TO HEAD vs OPPONENT,vs West Coast,71.4,50.0,21.4,42.8,covers,7,True
Adelaide,HEAD TO HEAD vs OPPONENT,vs Western Bulldogs,75.0,50.0,25.0,50.0,covers,4,True
Adelaide,BY VENUE,Adelaide Oval,48.1,50.0,-1.9,3.8,fades,52,False
Adelaide,BY VENUE,ENGIE Stadium,,50.0,,,,,
Adelaide,BY VENUE,GMHBA Stadium,66.7,50.0,16.7,33.4,covers,3,True
Adelaide,BY VENUE,Gabba,,50.0,,,,,
Adelaide,BY VENUE,MCG,75.0,50.0,25.0,50.0,covers,8,True
Adelaide,BY VENUE,Manuka Oval,,50.0,,,,,
Adelaide,BY VENUE,Mars Stadium,,50.0,,,,,
Adelaide,BY VENUE,Marvel Stadium,42.9,50.0,-7.1,14.2,fades,7,False
Adelaide,BY VENUE,Marvl,,50.0,,,,,
Adelaide,BY VENUE,Ninja Stadium,,50.0,,,,,
Adelaide,BY VENUE,Optus Stadium,40.0,50.0,-10.0,20.0,fades,5,True
Adelaide,BY VENUE,People First Stadium,66.7,50.0,16.7,33.4,covers,3,True
Adelaide,BY VENUE,SCG,66.7,50.0,16.7,33.4,covers,3,True
Adelaide,BY VENUE,TIO Stadium,,50.0,,,,,
Adelaide,BY VENUE,UTAS Stadium,,50.0,,,,,
Brisbane,OVERALL,Cover Rate — All Games,52.4,50.0,2.4,4.8,covers,105,False
Brisbane,OVERALL,Cover Rate — Home,47.1,50.0,-2.9,5.8,fades,51,False
Brisbane,OVERALL,Cover Rate — Away,57.4,50.0,7.4,14.8,covers,54,False
Brisbane,OVERALL,Finals Games,85.7,50.0,35.7,71.4,covers,14,True
Brisbane,FAVOURITE vs UNDERDOG,As Favourite (line < 0),43.2,50.0,-6.8,13.6,fades,81,False
Brisbane,FAVOURITE vs UNDERDOG,As Underdog  (line > 0),83.3,50.0,33.3,66.6,covers,24,True
Brisbane,FAVOURITE vs UNDERDOG,Heavy Fav (line ≤ -18.5),41.5,50.0,-8.5,17.0,fades,41,True
Brisbane,FAVOURITE vs UNDERDOG,Slight Fav (line -1 to -18),45.0,50.0,-5.0,10.0,fades,40,False
Brisbane,FAVOURITE vs UNDERDOG,Slight Dog (line +1 to +18),85.7,50.0,35.7,71.4,covers,21,True
Brisbane,FAVOURITE vs UNDERDOG,Big Dog    (line ≥ +18.5),66.7,50.0,16.7,33.4,covers,3,True
Brisbane,TIME OF DAY,Night Games (kick-off ≥ 18:00),61.1,50.0,11.1,22.2,covers,54,True
Brisbane,TIME OF DAY,Day Games (kick-off < 18:00),43.1,50.0,-6.9,13.8,fades,51,False
Brisbane,DAY OF WEEK,Thursday / Friday Games,52.9,50.0,2.9,5.8,covers,34,False
Brisbane,DAY OF WEEK,Saturday Games,59.2,50.0,9.2,18.4,covers,49,True
Brisbane,DAY OF WEEK,Sunday Games,36.4,50.0,-13.6,27.2,fades,22,True
Brisbane,FORM,After a Win,52.8,50.0,2.8,5.6,covers,72,False
Brisbane,FORM,After a Loss,53.1,50.0,3.1,6.2,covers,32,False
Brisbane,REST,Short Rest (≤ 6 days),53.6,50.0,3.6,7.2,covers,28,False
Brisbane,REST,Normal Rest (7–9 days),53.3,50.0,3.3,6.6,covers,60,False
Brisbane,REST,Long Rest / Bye (≥ 10 days),50.0,50.0,0.0,0.0,fades,16,False
Brisbane,MOON PHASE,New Moon (±1 day),90.0,50.0,40.0,80.0,covers,10,True
Brisbane,MOON PHASE,Full Moon (±1 day),61.5,50.0,11.5,23.0,covers,13,True
Brisbane,BY MONTH,March,18.2,50.0,-31.8,63.6,fades,11,True
Brisbane,BY MONTH,April,62.5,50.0,12.5,25.0,covers,16,True
Brisbane,BY MONTH,May,61.1,50.0,11.1,22.2,covers,18,True
Brisbane,BY MONTH,June,53.3,50.0,3.3,6.6,covers,15,False
Brisbane,BY MONTH,July,31.2,50.0,-18.8,37.6,fades,16,True
Brisbane,BY MONTH,August,46.7,50.0,-3.3,6.6,fades,15,False
Brisbane,BY MONTH,September,85.7,50.0,35.7,71.4,covers,14,True
Brisbane,BY MONTH,October,,50.0,,,,,
Brisbane,HEAD TO HEAD vs OPPONENT,vs Adelaide,50.0,50.0,0.0,0.0,fades,6,False
Brisbane,HEAD TO HEAD vs OPPONENT,vs Carlton,83.3,50.0,33.3,66.6,covers,6,True
Brisbane,HEAD TO HEAD vs OPPONENT,vs Collingwood,55.6,50.0,5.6,11.2,covers,9,False
Brisbane,HEAD TO HEAD vs OPPONENT,vs Essendon,40.0,50.0,-10.0,20.0,fades,5,True
Brisbane,HEAD TO HEAD vs OPPONENT,vs Fremantle,40.0,50.0,-10.0,20.0,fades,5,True
Brisbane,HEAD TO HEAD vs OPPONENT,vs GWS Giants,42.9,50.0,-7.1,14.2,fades,7,False
Brisbane,HEAD TO HEAD vs OPPONENT,vs Geelong,33.3,50.0,-16.7,33.4,fades,9,True
Brisbane,HEAD TO HEAD vs OPPONENT,vs Gold Coast,66.7,50.0,16.7,33.4,covers,9,True
Brisbane,HEAD TO HEAD vs OPPONENT,vs Hawthorn,40.0,50.0,-10.0,20.0,fades,5,True
Brisbane,HEAD TO HEAD vs OPPONENT,vs Melbourne,37.5,50.0,-12.5,25.0,fades,8,True
Brisbane,HEAD TO HEAD vs OPPONENT,vs North Melbourne,75.0,50.0,25.0,50.0,covers,4,True
Brisbane,HEAD TO HEAD vs OPPONENT,vs Port Adelaide,60.0,50.0,10.0,20.0,covers,5,True
Brisbane,HEAD TO HEAD vs OPPONENT,vs Richmond,60.0,50.0,10.0,20.0,covers,5,True
Brisbane,HEAD TO HEAD vs OPPONENT,vs St Kilda,71.4,50.0,21.4,42.8,covers,7,True
Brisbane,HEAD TO HEAD vs OPPONENT,vs Sydney,33.3,50.0,-16.7,33.4,fades,6,True
Brisbane,HEAD TO HEAD vs OPPONENT,vs West Coast,25.0,50.0,-25.0,50.0,fades,4,True
Brisbane,HEAD TO HEAD vs OPPONENT,vs Western Bulldogs,80.0,50.0,30.0,60.0,covers,5,True
Brisbane,BY VENUE,Adelaide Hills,,50.0,,,,,
Brisbane,BY VENUE,Adelaide Oval,71.4,50.0,21.4,42.8,covers,7,True
Brisbane,BY VENUE,ENGIE Stadium,,50.0,,,,,
Brisbane,BY VENUE,GMHBA Stadium,,50.0,,,,,
Brisbane,BY VENUE,Gabba,44.9,50.0,-5.1,10.2,fades,49,False
Brisbane,BY VENUE,MCG,55.6,50.0,5.6,11.2,covers,18,False
Brisbane,BY VENUE,Manuka Oval,,50.0,,,,,
Brisbane,BY VENUE,Marvel Stadium,80.0,50.0,30.0,60.0,covers,10,True
Brisbane,BY VENUE,Ninja Stadium,,50.0,,,,,
Brisbane,BY VENUE,Norwood Oval,,50.0,,,,,
Brisbane,BY VENUE,Optus Stadium,20.0,50.0,-30.0,60.0,fades,5,True
Brisbane,BY VENUE,People First Stadium,50.0,50.0,0.0,0.0,fades,4,False
Brisbane,BY VENUE,SCG,,50.0,,,,,
Brisbane,BY VENUE,UTAS Stadium,,50.0,,,,,
Carlton,OVERALL,Cover Rate — All Games,50.5,50.0,0.5,1.0,covers,95,False
Carlton,OVERALL,Cover Rate — Home,47.8,50.0,-2.2,4.4,fades,46,False
Carlton,OVERALL,Cover Rate — Away,53.1,50.0,3.1,6.2,covers,49,False
Carlton,OVERALL,Finals Games,25.0,50.0,-25.0,50.0,fades,4,True
Carlton,FAVOURITE vs UNDERDOG,As Favourite (line < 0),47.2,50.0,-2.8,5.6,fades,53,False
Carlton,FAVOURITE vs UNDERDOG,As Underdog  (line > 0),54.8,50.0,4.8,9.6,covers,42,False
Carlton,FAVOURITE vs UNDERDOG,Heavy Fav (line ≤ -18.5),70.6,50.0,20.6,41.2,covers,17,True
Carlton,FAVOURITE vs UNDERDOG,Slight Fav (line -1 to -18),36.1,50.0,-13.9,27.8,fades,36,True
Carlton,FAVOURITE vs UNDERDOG,Slight Dog (line +1 to +18),54.5,50.0,4.5,9.0,covers,33,False
Carlton,FAVOURITE vs UNDERDOG,Big Dog    (line ≥ +18.5),55.6,50.0,5.6,11.2,covers,9,False
Carlton,TIME OF DAY,Night Games (kick-off ≥ 18:00),42.9,50.0,-7.1,14.2,fades,49,False
Carlton,TIME OF DAY,Day Games (kick-off < 18:00),58.7,50.0,8.7,17.4,covers,46,True
Carlton,DAY OF WEEK,Thursday / Friday Games,45.9,50.0,-4.1,8.2,fades,37,False
Carlton,DAY OF WEEK,Saturday Games,50.0,50.0,0.0,0.0,fades,30,False
Carlton,DAY OF WEEK,Sunday Games,57.1,50.0,7.1,14.2,covers,28,False
Carlton,FORM,After a Win,52.1,50.0,2.1,4.2,covers,48,False
Carlton,FORM,After a Loss,47.8,50.0,-2.2,4.4,fades,46,False
Carlton,REST,Short Rest (≤ 6 days),41.9,50.0,-8.1,16.2,fades,31,True
Carlton,REST,Normal Rest (7–9 days),53.1,50.0,3.1,6.2,covers,49,False
Carlton,REST,Long Rest / Bye (≥ 10 days),57.1,50.0,7.1,14.2,covers,14,False
Carlton,MOON PHASE,New Moon (±1 day),54.5,50.0,4.5,9.0,covers,11,False
Carlton,MOON PHASE,Full Moon (±1 day),57.1,50.0,7.1,14.2,covers,14,False
Carlton,BY MONTH,March,60.0,50.0,10.0,20.0,covers,10,True
Carlton,BY MONTH,April,44.4,50.0,-5.6,11.2,fades,18,False
Carlton,BY MONTH,May,41.2,50.0,-8.8,17.6,fades,17,True
Carlton,BY MONTH,June,53.8,50.0,3.8,7.6,covers,13,False
Carlton,BY MONTH,July,50.0,50.0,0.0,0.0,fades,18,False
Carlton,BY MONTH,August,66.7,50.0,16.7,33.4,covers,15,True
Carlton,BY MONTH,September,25.0,50.0,-25.0,50.0,fades,4,True
Carlton,BY MONTH,October,,50.0,,,,,
Carlton,HEAD TO HEAD vs OPPONENT,vs Adelaide,20.0,50.0,-30.0,60.0,fades,5,True
Carlton,HEAD TO HEAD vs OPPONENT,vs Brisbane,16.7,50.0,-33.3,66.6,fades,6,True
Carlton,HEAD TO HEAD vs OPPONENT,vs Collingwood,25.0,50.0,-25.0,50.0,fades,8,True
Carlton,HEAD TO HEAD vs OPPONENT,vs Essendon,60.0,50.0,10.0,20.0,covers,5,True
Carlton,HEAD TO HEAD vs OPPONENT,vs Fremantle,80.0,50.0,30.0,60.0,covers,5,True
Carlton,HEAD TO HEAD vs OPPONENT,vs GWS Giants,57.1,50.0,7.1,14.2,covers,7,False
Carlton,HEAD TO HEAD vs OPPONENT,vs Geelong,60.0,50.0,10.0,20.0,covers,5,True
Carlton,HEAD TO HEAD vs OPPONENT,vs Gold Coast,60.0,50.0,10.0,20.0,covers,5,True
Carlton,HEAD TO HEAD vs OPPONENT,vs Hawthorn,40.0,50.0,-10.0,20.0,fades,5,True
Carlton,HEAD TO HEAD vs OPPONENT,vs Melbourne,83.3,50.0,33.3,66.6,covers,6,True
Carlton,HEAD TO HEAD vs OPPONENT,vs North Melbourne,50.0,50.0,0.0,0.0,fades,6,False
Carlton,HEAD TO HEAD vs OPPONENT,vs Port Adelaide,50.0,50.0,0.0,0.0,fades,6,False
Carlton,HEAD TO HEAD vs OPPONENT,vs Richmond,50.0,50.0,0.0,0.0,fades,6,False
Carlton,HEAD TO HEAD vs OPPONENT,vs St Kilda,60.0,50.0,10.0,20.0,covers,5,True
Carlton,HEAD TO HEAD vs OPPONENT,vs Sydney,20.0,50.0,-30.0,60.0,fades,5,True
Carlton,HEAD TO HEAD vs OPPONENT,vs West Coast,100.0,50.0,50.0,100.0,covers,6,True
Carlton,HEAD TO HEAD vs OPPONENT,vs Western Bulldogs,25.0,50.0,-25.0,50.0,fades,4,True
Carlton,BY VENUE,Adelaide Oval,42.9,50.0,-7.1,14.2,fades,7,False
Carlton,BY VENUE,ENGIE Stadium,66.7,50.0,16.7,33.4,covers,3,True
Carlton,BY VENUE,Gabba,25.0,50.0,-25.0,50.0,fades,4,True
Carlton,BY VENUE,MCG,50.0,50.0,0.0,0.0,fades,40,False
Carlton,BY VENUE,Marvel Stadium,55.2,50.0,5.2,10.4,covers,29,False
Carlton,BY VENUE,Optus Stadium,85.7,50.0,35.7,71.4,covers,7,True
Carlton,BY VENUE,People First Stadium,,50.0,,,,,
Carlton,BY VENUE,SCG,0.0,50.0,-50.0,100.0,fades,3,True
Collingwood,OVERALL,Cover Rate — All Games,49.5,50.0,-0.5,1.0,fades,99,False
Collingwood,OVERALL,Cover Rate — Home,44.2,50.0,-5.8,11.6,fades,52,False
Collingwood,OVERALL,Cover Rate — Away,55.3,50.0,5.3,10.6,covers,47,False
Collingwood,OVERALL,Finals Games,50.0,50.0,0.0,0.0,fades,8,False
Collingwood,FAVOURITE vs UNDERDOG,As Favourite (line < 0),40.6,50.0,-9.4,18.8,fades,69,True
Collingwood,FAVOURITE vs UNDERDOG,As Underdog  (line > 0),70.0,50.0,20.0,40.0,covers,30,True
Collingwood,FAVOURITE vs UNDERDOG,Heavy Fav (line ≤ -18.5),52.4,50.0,2.4,4.8,covers,21,False
Collingwood,FAVOURITE vs UNDERDOG,Slight Fav (line -1 to -18),35.4,50.0,-14.6,29.2,fades,48,True
Collingwood,FAVOURITE vs UNDERDOG,Slight Dog (line +1 to +18),69.2,50.0,19.2,38.4,covers,26,True
Collingwood,FAVOURITE vs UNDERDOG,Big Dog    (line ≥ +18.5),75.0,50.0,25.0,50.0,covers,4,True
Collingwood,TIME OF DAY,Night Games (kick-off ≥ 18:00),56.2,50.0,6.2,12.4,covers,48,False
Collingwood,TIME OF DAY,Day Games (kick-off < 18:00),43.1,50.0,-6.9,13.8,fades,51,False
Collingwood,DAY OF WEEK,Thursday / Friday Games,54.1,50.0,4.1,8.2,covers,37,False
Collingwood,DAY OF WEEK,Saturday Games,52.9,50.0,2.9,5.8,covers,34,False
Collingwood,DAY OF WEEK,Sunday Games,36.4,50.0,-13.6,27.2,fades,22,True
Collingwood,FORM,After a Win,49.3,50.0,-0.7,1.4,fades,67,False
Collingwood,FORM,After a Loss,48.4,50.0,-1.6,3.2,fades,31,False
Collingwood,REST,Short Rest (≤ 6 days),52.9,50.0,2.9,5.8,covers,34,False
Collingwood,REST,Normal Rest (7–9 days),48.9,50.0,-1.1,2.2,fades,45,False
Collingwood,REST,Long Rest / Bye (≥ 10 days),42.1,50.0,-7.9,15.8,fades,19,True
Collingwood,MOON PHASE,New Moon (±1 day),33.3,50.0,-16.7,33.4,fades,9,True
Collingwood,MOON PHASE,Full Moon (±1 day),60.0,50.0,10.0,20.0,covers,10,True
Collingwood,BY MONTH,March,50.0,50.0,0.0,0.0,fades,12,False
Collingwood,BY MONTH,April,46.7,50.0,-3.3,6.6,fades,15,False
Collingwood,BY MONTH,May,63.2,50.0,13.2,26.4,covers,19,True
Collingwood,BY MONTH,June,33.3,50.0,-16.7,33.4,fades,12,True
Collingwood,BY MONTH,July,44.4,50.0,-5.6,11.2,fades,18,False
Collingwood,BY MONTH,August,53.3,50.0,3.3,6.6,covers,15,False
Collingwood,BY MONTH,September,50.0,50.0,0.0,0.0,fades,8,False
Collingwood,BY MONTH,October,,50.0,,,,,
Collingwood,HEAD TO HEAD vs OPPONENT,vs Adelaide,37.5,50.0,-12.5,25.0,fades,8,True
Collingwood,HEAD TO HEAD vs OPPONENT,vs Brisbane,44.4,50.0,-5.6,11.2,fades,9,False
Collingwood,HEAD TO HEAD vs OPPONENT,vs Carlton,75.0,50.0,25.0,50.0,covers,8,True
Collingwood,HEAD TO HEAD vs OPPONENT,vs Essendon,42.9,50.0,-7.1,14.2,fades,7,False
Collingwood,HEAD TO HEAD vs OPPONENT,vs Fremantle,83.3,50.0,33.3,66.6,covers,6,True
Collingwood,HEAD TO HEAD vs OPPONENT,vs GWS Giants,20.0,50.0,-30.0,60.0,fades,5,True
Collingwood,HEAD TO HEAD vs OPPONENT,vs Geelong,50.0,50.0,0.0,0.0,fades,6,False
Collingwood,HEAD TO HEAD vs OPPONENT,vs Gold Coast,60.0,50.0,10.0,20.0,covers,5,True
Collingwood,HEAD TO HEAD vs OPPONENT,vs Hawthorn,16.7,50.0,-33.3,66.6,fades,6,True
Collingwood,HEAD TO HEAD vs OPPONENT,vs Melbourne,50.0,50.0,0.0,0.0,fades,8,False
Collingwood,HEAD TO HEAD vs OPPONENT,vs North Melbourne,25.0,50.0,-25.0,50.0,fades,4,True
Collingwood,HEAD TO HEAD vs OPPONENT,vs Port Adelaide,100.0,50.0,50.0,100.0,covers,5,True
Collingwood,HEAD TO HEAD vs OPPONENT,vs Richmond,25.0,50.0,-25.0,50.0,fades,4,True
Collingwood,HEAD TO HEAD vs OPPONENT,vs St Kilda,50.0,50.0,0.0,0.0,fades,4,False
Collingwood,HEAD TO HEAD vs OPPONENT,vs Sydney,66.7,50.0,16.7,33.4,covers,6,True
Collingwood,HEAD TO HEAD vs OPPONENT,vs West Coast,50.0,50.0,0.0,0.0,fades,4,False
Collingwood,HEAD TO HEAD vs OPPONENT,vs Western Bulldogs,25.0,50.0,-25.0,50.0,fades,4,True
Collingwood,BY VENUE,Adelaide Oval,57.1,50.0,7.1,14.2,covers,7,False
Collingwood,BY VENUE,ENGIE Stadium,,50.0,,,,,
Collingwood,BY VENUE,Gabba,75.0,50.0,25.0,50.0,covers,4,True
Collingwood,BY VENUE,MCG,46.0,50.0,-4.0,8.0,fades,63,False
Collingwood,BY VENUE,Manuka Oval,,50.0,,,,,
Collingwood,BY VENUE,Marvel Stadium,45.5,50.0,-4.5,9.0,fades,11,False
Collingwood,BY VENUE,Optus Stadium,100.0,50.0,50.0,100.0,covers,4,True
Collingwood,BY VENUE,People First Stadium,50.0,50.0,0.0,0.0,fades,4,False
Collingwood,BY VENUE,SCG,66.7,50.0,16.7,33.4,covers,3,True
Essendon,OVERALL,Cover Rate — All Games,40.7,50.0,-9.3,18.6,fades,91,True
Essendon,OVERALL,Cover Rate — Home,42.2,50.0,-7.8,15.6,fades,45,True
Essendon,OVERALL,Cover Rate — Away,39.1,50.0,-10.9,21.8,fades,46,True
Essendon,OVERALL,Finals Games,,50.0,,,,,
Essendon,FAVOURITE vs UNDERDOG,As Favourite (line < 0),23.1,50.0,-26.9,53.8,fades,26,True
Essendon,FAVOURITE vs UNDERDOG,As Underdog  (line > 0),47.7,50.0,-2.3,4.6,fades,65,False
Essendon,FAVOURITE vs UNDERDOG,Heavy Fav (line ≤ -18.5),18.2,50.0,-31.8,63.6,fades,11,True
Essendon,FAVOURITE vs UNDERDOG,Slight Fav (line -1 to -18),26.7,50.0,-23.3,46.6,fades,15,True
Essendon,FAVOURITE vs UNDERDOG,Slight Dog (line +1 to +18),60.0,50.0,10.0,20.0,covers,35,True
Essendon,FAVOURITE vs UNDERDOG,Big Dog    (line ≥ +18.5),33.3,50.0,-16.7,33.4,fades,30,True
Essendon,TIME OF DAY,Night Games (kick-off ≥ 18:00),34.0,50.0,-16.0,32.0,fades,47,True
Essendon,TIME OF DAY,Day Games (kick-off < 18:00),47.7,50.0,-2.3,4.6,fades,44,False
Essendon,DAY OF WEEK,Thursday / Friday Games,34.6,50.0,-15.4,30.8,fades,26,True
Essendon,DAY OF WEEK,Saturday Games,35.9,50.0,-14.1,28.2,fades,39,True
Essendon,DAY OF WEEK,Sunday Games,56.5,50.0,6.5,13.0,covers,23,False
Essendon,FORM,After a Win,40.0,50.0,-10.0,20.0,fades,35,True
Essendon,FORM,After a Loss,41.8,50.0,-8.2,16.4,fades,55,True
Essendon,REST,Short Rest (≤ 6 days),22.6,50.0,-27.4,54.8,fades,31,True
Essendon,REST,Normal Rest (7–9 days),51.0,50.0,1.0,2.0,covers,49,False
Essendon,REST,Long Rest / Bye (≥ 10 days),50.0,50.0,0.0,0.0,fades,10,False
Essendon,MOON PHASE,New Moon (±1 day),57.1,50.0,7.1,14.2,covers,7,False
Essendon,MOON PHASE,Full Moon (±1 day),28.6,50.0,-21.4,42.8,fades,7,True
Essendon,BY MONTH,March,50.0,50.0,0.0,0.0,fades,10,False
Essendon,BY MONTH,April,43.8,50.0,-6.2,12.4,fades,16,False
Essendon,BY MONTH,May,44.4,50.0,-5.6,11.2,fades,18,False
Essendon,BY MONTH,June,23.1,50.0,-26.9,53.8,fades,13,True
Essendon,BY MONTH,July,50.0,50.0,0.0,0.0,fades,18,False
Essendon,BY MONTH,August,31.2,50.0,-18.8,37.6,fades,16,True
Essendon,BY MONTH,September,,50.0,,,,,
Essendon,BY MONTH,October,,50.0,,,,,
Essendon,HEAD TO HEAD vs OPPONENT,vs Adelaide,40.0,50.0,-10.0,20.0,fades,5,True
Essendon,HEAD TO HEAD vs OPPONENT,vs Brisbane,60.0,50.0,10.0,20.0,covers,5,True
Essendon,HEAD TO HEAD vs OPPONENT,vs Carlton,40.0,50.0,-10.0,20.0,fades,5,True
Essendon,HEAD TO HEAD vs OPPONENT,vs Collingwood,57.1,50.0,7.1,14.2,covers,7,False
Essendon,HEAD TO HEAD vs OPPONENT,vs Fremantle,25.0,50.0,-25.0,50.0,fades,4,True
Essendon,HEAD TO HEAD vs OPPONENT,vs GWS Giants,40.0,50.0,-10.0,20.0,fades,5,True
Essendon,HEAD TO HEAD vs OPPONENT,vs Geelong,16.7,50.0,-33.3,66.6,fades,6,True
Essendon,HEAD TO HEAD vs OPPONENT,vs Gold Coast,33.3,50.0,-16.7,33.4,fades,6,True
Essendon,HEAD TO HEAD vs OPPONENT,vs Hawthorn,75.0,50.0,25.0,50.0,covers,4,True
Essendon,HEAD TO HEAD vs OPPONENT,vs Melbourne,50.0,50.0,0.0,0.0,fades,4,False
Essendon,HEAD TO HEAD vs OPPONENT,vs North Melbourne,20.0,50.0,-30.0,60.0,fades,5,True
Essendon,HEAD TO HEAD vs OPPONENT,vs Port Adelaide,66.7,50.0,16.7,33.4,covers,6,True
Essendon,HEAD TO HEAD vs OPPONENT,vs Richmond,16.7,50.0,-33.3,66.6,fades,6,True
Essendon,HEAD TO HEAD vs OPPONENT,vs St Kilda,60.0,50.0,10.0,20.0,covers,5,True
Essendon,HEAD TO HEAD vs OPPONENT,vs Sydney,57.1,50.0,7.1,14.2,covers,7,False
Essendon,HEAD TO HEAD vs OPPONENT,vs West Coast,16.7,50.0,-33.3,66.6,fades,6,True
Essendon,HEAD TO HEAD vs OPPONENT,vs Western Bulldogs,20.0,50.0,-30.0,60.0,fades,5,True
Essendon,BY VENUE,Adelaide Oval,83.3,50.0,33.3,66.6,covers,6,True
Essendon,BY VENUE,ENGIE Stadium,,50.0,,,,,
Essendon,BY VENUE,GMHBA Stadium,,50.0,,,,,
Essendon,BY VENUE,Gabba,75.0,50.0,25.0,50.0,covers,4,True
Essendon,BY VENUE,MCG,37.5,50.0,-12.5,25.0,fades,32,True
Essendon,BY VENUE,Marvel Stadium,42.4,50.0,-7.6,15.2,fades,33,True
Essendon,BY VENUE,Marvl,,50.0,,,,,
Essendon,BY VENUE,Optus Stadium,16.7,50.0,-33.3,66.6,fades,6,True
Essendon,BY VENUE,People First Stadium,,50.0,,,,,
Essendon,BY VENUE,SCG,33.3,50.0,-16.7,33.4,fades,3,True
Fremantle,OVERALL,Cover Rate — All Games,52.1,50.0,2.1,4.2,covers,94,False
Fremantle,OVERALL,Cover Rate — Home,45.8,50.0,-4.2,8.4,fades,48,False
Fremantle,OVERALL,Cover Rate — Away,58.7,50.0,8.7,17.4,covers,46,True
Fremantle,OVERALL,Finals Games,33.3,50.0,-16.7,33.4,fades,3,True
Fremantle,FAVOURITE vs UNDERDOG,As Favourite (line < 0),44.4,50.0,-5.6,11.2,fades,54,False
Fremantle,FAVOURITE vs UNDERDOG,As Underdog  (line > 0),62.5,50.0,12.5,25.0,covers,40,True
Fremantle,FAVOURITE vs UNDERDOG,Heavy Fav (line ≤ -18.5),42.9,50.0,-7.1,14.2,fades,21,False
Fremantle,FAVOURITE vs UNDERDOG,Slight Fav (line -1 to -18),45.5,50.0,-4.5,9.0,fades,33,False
Fremantle,FAVOURITE vs UNDERDOG,Slight Dog (line +1 to +18),55.2,50.0,5.2,10.4,covers,29,False
Fremantle,FAVOURITE vs UNDERDOG,Big Dog    (line ≥ +18.5),81.8,50.0,31.8,63.6,covers,11,True
Fremantle,TIME OF DAY,Night Games (kick-off ≥ 18:00),50.0,50.0,0.0,0.0,fades,24,False
Fremantle,TIME OF DAY,Day Games (kick-off < 18:00),52.9,50.0,2.9,5.8,covers,70,False
Fremantle,DAY OF WEEK,Thursday / Friday Games,46.2,50.0,-3.8,7.6,fades,13,False
Fremantle,DAY OF WEEK,Saturday Games,51.9,50.0,1.9,3.8,covers,52,False
Fremantle,DAY OF WEEK,Sunday Games,55.2,50.0,5.2,10.4,covers,29,False
Fremantle,FORM,After a Win,46.3,50.0,-3.7,7.4,fades,54,False
Fremantle,FORM,After a Loss,59.0,50.0,9.0,18.0,covers,39,True
Fremantle,REST,Short Rest (≤ 6 days),53.6,50.0,3.6,7.2,covers,28,False
Fremantle,REST,Normal Rest (7–9 days),56.4,50.0,6.4,12.8,covers,55,False
Fremantle,REST,Long Rest / Bye (≥ 10 days),20.0,50.0,-30.0,60.0,fades,10,True
Fremantle,MOON PHASE,New Moon (±1 day),55.6,50.0,5.6,11.2,covers,9,False
Fremantle,MOON PHASE,Full Moon (±1 day),41.7,50.0,-8.3,16.6,fades,12,True
Fremantle,BY MONTH,March,50.0,50.0,0.0,0.0,fades,10,False
Fremantle,BY MONTH,April,66.7,50.0,16.7,33.4,covers,18,True
Fremantle,BY MONTH,May,64.7,50.0,14.7,29.4,covers,17,True
Fremantle,BY MONTH,June,46.2,50.0,-3.8,7.6,fades,13,False
Fremantle,BY MONTH,July,38.9,50.0,-11.1,22.2,fades,18,True
Fremantle,BY MONTH,August,46.7,50.0,-3.3,6.6,fades,15,False
Fremantle,BY MONTH,September,33.3,50.0,-16.7,33.4,fades,3,True
Fremantle,BY MONTH,October,,50.0,,,,,
Fremantle,HEAD TO HEAD vs OPPONENT,vs Adelaide,75.0,50.0,25.0,50.0,covers,4,True
Fremantle,HEAD TO HEAD vs OPPONENT,vs Brisbane,60.0,50.0,10.0,20.0,covers,5,True
Fremantle,HEAD TO HEAD vs OPPONENT,vs Carlton,20.0,50.0,-30.0,60.0,fades,5,True
Fremantle,HEAD TO HEAD vs OPPONENT,vs Collingwood,16.7,50.0,-33.3,66.6,fades,6,True
Fremantle,HEAD TO HEAD vs OPPONENT,vs Essendon,75.0,50.0,25.0,50.0,covers,4,True
Fremantle,HEAD TO HEAD vs OPPONENT,vs GWS Giants,80.0,50.0,30.0,60.0,covers,5,True
Fremantle,HEAD TO HEAD vs OPPONENT,vs Geelong,60.0,50.0,10.0,20.0,covers,5,True
Fremantle,HEAD TO HEAD vs OPPONENT,vs Gold Coast,60.0,50.0,10.0,20.0,covers,5,True
Fremantle,HEAD TO HEAD vs OPPONENT,vs Hawthorn,60.0,50.0,10.0,20.0,covers,5,True
Fremantle,HEAD TO HEAD vs OPPONENT,vs Melbourne,66.7,50.0,16.7,33.4,covers,6,True
Fremantle,HEAD TO HEAD vs OPPONENT,vs North Melbourne,50.0,50.0,0.0,0.0,fades,4,False
Fremantle,HEAD TO HEAD vs OPPONENT,vs Port Adelaide,33.3,50.0,-16.7,33.4,fades,6,True
Fremantle,HEAD TO HEAD vs OPPONENT,vs Richmond,80.0,50.0,30.0,60.0,covers,5,True
Fremantle,HEAD TO HEAD vs OPPONENT,vs St Kilda,33.3,50.0,-16.7,33.4,fades,6,True
Fremantle,HEAD TO HEAD vs OPPONENT,vs Sydney,28.6,50.0,-21.4,42.8,fades,7,True
Fremantle,HEAD TO HEAD vs OPPONENT,vs West Coast,50.0,50.0,0.0,0.0,fades,8,False
Fremantle,HEAD TO HEAD vs OPPONENT,vs Western Bulldogs,62.5,50.0,12.5,25.0,covers,8,True
Fremantle,BY VENUE,Adelaide Oval,40.0,50.0,-10.0,20.0,fades,5,True
Fremantle,BY VENUE,Barossa Park,,50.0,,,,,
Fremantle,BY VENUE,ENGIE Stadium,66.7,50.0,16.7,33.4,covers,3,True
Fremantle,BY VENUE,GMHBA Stadium,66.7,50.0,16.7,33.4,covers,3,True
Fremantle,BY VENUE,Gabba,,50.0,,,,,
Fremantle,BY VENUE,MCG,55.6,50.0,5.6,11.2,covers,9,False
Fremantle,BY VENUE,Manuka Oval,,50.0,,,,,
Fremantle,BY VENUE,Marvel Stadium,54.5,50.0,4.5,9.0,covers,11,False
Fremantle,BY VENUE,Ninja Stadium,,50.0,,,,,
Fremantle,BY VENUE,Norwood Oval,,50.0,,,,,
Fremantle,BY VENUE,Optus Stadium,47.1,50.0,-2.9,5.8,fades,51,False
Fremantle,BY VENUE,People First Stadium,,50.0,,,,,
Fremantle,BY VENUE,SCG,66.7,50.0,16.7,33.4,covers,3,True
Fremantle,BY VENUE,TIO Stadium,,50.0,,,,,
Fremantle,BY VENUE,UTAS Stadium,,50.0,,,,,
GWS Giants,OVERALL,Cover Rate — All Games,50.5,50.0,0.5,1.0,covers,97,False
GWS Giants,OVERALL,Cover Rate — Home,44.7,50.0,-5.3,10.6,fades,47,False
GWS Giants,OVERALL,Cover Rate — Away,56.0,50.0,6.0,12.0,covers,50,False
GWS Giants,OVERALL,Finals Games,50.0,50.0,0.0,0.0,fades,6,False
GWS Giants,FAVOURITE vs UNDERDOG,As Favourite (line < 0),50.0,50.0,0.0,0.0,fades,50,False
GWS Giants,FAVOURITE vs UNDERDOG,As Underdog  (line > 0),51.1,50.0,1.1,2.2,covers,47,False
GWS Giants,FAVOURITE vs UNDERDOG,Heavy Fav (line ≤ -18.5),55.6,50.0,5.6,11.2,covers,18,False
GWS Giants,FAVOURITE vs UNDERDOG,Slight Fav (line -1 to -18),46.9,50.0,-3.1,6.2,fades,32,False
GWS Giants,FAVOURITE vs UNDERDOG,Slight Dog (line +1 to +18),47.1,50.0,-2.9,5.8,fades,34,False
GWS Giants,FAVOURITE vs UNDERDOG,Big Dog    (line ≥ +18.5),61.5,50.0,11.5,23.0,covers,13,True
GWS Giants,TIME OF DAY,Night Games (kick-off ≥ 18:00),47.8,50.0,-2.2,4.4,fades,23,False
GWS Giants,TIME OF DAY,Day Games (kick-off < 18:00),51.4,50.0,1.4,2.8,covers,74,False
GWS Giants,DAY OF WEEK,Thursday / Friday Games,71.4,50.0,21.4,42.8,covers,7,True
GWS Giants,DAY OF WEEK,Saturday Games,42.9,50.0,-7.1,14.2,fades,56,False
GWS Giants,DAY OF WEEK,Sunday Games,58.8,50.0,8.8,17.6,covers,34,True
GWS Giants,FORM,After a Win,48.1,50.0,-1.9,3.8,fades,52,False
GWS Giants,FORM,After a Loss,54.5,50.0,4.5,9.0,covers,44,False
GWS Giants,REST,Short Rest (≤ 6 days),50.0,50.0,0.0,0.0,fades,24,False
GWS Giants,REST,Normal Rest (7–9 days),45.8,50.0,-4.2,8.4,fades,59,False
GWS Giants,REST,Long Rest / Bye (≥ 10 days),76.9,50.0,26.9,53.8,covers,13,True
GWS Giants,MOON PHASE,New Moon (±1 day),66.7,50.0,16.7,33.4,covers,12,True
GWS Giants,MOON PHASE,Full Moon (±1 day),57.1,50.0,7.1,14.2,covers,14,False
GWS Giants,BY MONTH,March,40.0,50.0,-10.0,20.0,fades,10,True
GWS Giants,BY MONTH,April,38.9,50.0,-11.1,22.2,fades,18,True
GWS Giants,BY MONTH,May,41.2,50.0,-8.8,17.6,fades,17,True
GWS Giants,BY MONTH,June,53.8,50.0,3.8,7.6,covers,13,False
GWS Giants,BY MONTH,July,68.4,50.0,18.4,36.8,covers,19,True
GWS Giants,BY MONTH,August,57.1,50.0,7.1,14.2,covers,14,False
GWS Giants,BY MONTH,September,50.0,50.0,0.0,0.0,fades,6,False
GWS Giants,BY MONTH,October,,50.0,,,,,
GWS Giants,HEAD TO HEAD vs OPPONENT,vs Adelaide,60.0,50.0,10.0,20.0,covers,5,True
GWS Giants,HEAD TO HEAD vs OPPONENT,vs Brisbane,57.1,50.0,7.1,14.2,covers,7,False
GWS Giants,HEAD TO HEAD vs OPPONENT,vs Carlton,42.9,50.0,-7.1,14.2,fades,7,False
GWS Giants,HEAD TO HEAD vs OPPONENT,vs Collingwood,80.0,50.0,30.0,60.0,covers,5,True
GWS Giants,HEAD TO HEAD vs OPPONENT,vs Essendon,60.0,50.0,10.0,20.0,covers,5,True
GWS Giants,HEAD TO HEAD vs OPPONENT,vs Fremantle,20.0,50.0,-30.0,60.0,fades,5,True
GWS Giants,HEAD TO HEAD vs OPPONENT,vs Geelong,80.0,50.0,30.0,60.0,covers,5,True
GWS Giants,HEAD TO HEAD vs OPPONENT,vs Gold Coast,100.0,50.0,50.0,100.0,covers,6,True
GWS Giants,HEAD TO HEAD vs OPPONENT,vs Hawthorn,28.6,50.0,-21.4,42.8,fades,7,True
GWS Giants,HEAD TO HEAD vs OPPONENT,vs Melbourne,50.0,50.0,0.0,0.0,fades,4,False
GWS Giants,HEAD TO HEAD vs OPPONENT,vs North Melbourne,75.0,50.0,25.0,50.0,covers,4,True
GWS Giants,HEAD TO HEAD vs OPPONENT,vs Port Adelaide,20.0,50.0,-30.0,60.0,fades,5,True
GWS Giants,HEAD TO HEAD vs OPPONENT,vs Richmond,25.0,50.0,-25.0,50.0,fades,4,True
GWS Giants,HEAD TO HEAD vs OPPONENT,vs St Kilda,33.3,50.0,-16.7,33.4,fades,6,True
GWS Giants,HEAD TO HEAD vs OPPONENT,vs Sydney,33.3,50.0,-16.7,33.4,fades,9,True
GWS Giants,HEAD TO HEAD vs OPPONENT,vs West Coast,80.0,50.0,30.0,60.0,covers,5,True
GWS Giants,HEAD TO HEAD vs OPPONENT,vs Western Bulldogs,37.5,50.0,-12.5,25.0,fades,8,True
GWS Giants,BY VENUE,Accor Stadium,,50.0,,,,,
GWS Giants,BY VENUE,Adelaide Hills,,50.0,,,,,
GWS Giants,BY VENUE,Adelaide Oval,25.0,50.0,-25.0,50.0,fades,8,True
GWS Giants,BY VENUE,ENGIE Stadium,50.0,50.0,0.0,0.0,fades,32,False
GWS Giants,BY VENUE,GMHBA Stadium,100.0,50.0,50.0,100.0,covers,3,True
GWS Giants,BY VENUE,Gabba,100.0,50.0,50.0,100.0,covers,3,True
GWS Giants,BY VENUE,MCG,55.6,50.0,5.6,11.2,covers,9,False
GWS Giants,BY VENUE,Manuka Oval,41.7,50.0,-8.3,16.6,fades,12,True
GWS Giants,BY VENUE,Mars Stadium,,50.0,,,,,
GWS Giants,BY VENUE,Marvel Stadium,50.0,50.0,0.0,0.0,fades,10,False
GWS Giants,BY VENUE,Ninja Stadium,,50.0,,,,,
GWS Giants,BY VENUE,Norwood Oval,,50.0,,,,,
GWS Giants,BY VENUE,Optus Stadium,50.0,50.0,0.0,0.0,fades,4,False
GWS Giants,BY VENUE,People First Stadium,,50.0,,,,,
GWS Giants,BY VENUE,SCG,40.0,50.0,-10.0,20.0,fades,5,True
GWS Giants,BY VENUE,Traeger Park,,50.0,,,,,
GWS Giants,BY VENUE,UTAS Stadium,,50.0,,,,,
Geelong,OVERALL,Cover Rate — All Games,56.6,50.0,6.6,13.2,covers,99,False
Geelong,OVERALL,Cover Rate — Home,59.6,50.0,9.6,19.2,covers,52,True
Geelong,OVERALL,Cover Rate — Away,53.2,50.0,3.2,6.4,covers,47,False
Geelong,OVERALL,Finals Games,62.5,50.0,12.5,25.0,covers,8,True
Geelong,FAVOURITE vs UNDERDOG,As Favourite (line < 0),52.6,50.0,2.6,5.2,covers,78,False
Geelong,FAVOURITE vs UNDERDOG,As Underdog  (line > 0),71.4,50.0,21.4,42.8,covers,21,True
Geelong,FAVOURITE vs UNDERDOG,Heavy Fav (line ≤ -18.5),52.6,50.0,2.6,5.2,covers,38,False
Geelong,FAVOURITE vs UNDERDOG,Slight Fav (line -1 to -18),52.5,50.0,2.5,5.0,covers,40,False
Geelong,FAVOURITE vs UNDERDOG,Slight Dog (line +1 to +18),75.0,50.0,25.0,50.0,covers,20,True
Geelong,FAVOURITE vs UNDERDOG,Big Dog    (line ≥ +18.5),,50.0,,,,,
Geelong,TIME OF DAY,Night Games (kick-off ≥ 18:00),56.2,50.0,6.2,12.4,covers,48,False
Geelong,TIME OF DAY,Day Games (kick-off < 18:00),56.9,50.0,6.9,13.8,covers,51,False
Geelong,DAY OF WEEK,Thursday / Friday Games,52.0,50.0,2.0,4.0,covers,25,False
Geelong,DAY OF WEEK,Saturday Games,59.6,50.0,9.6,19.2,covers,57,True
Geelong,DAY OF WEEK,Sunday Games,46.2,50.0,-3.8,7.6,fades,13,False
Geelong,FORM,After a Win,57.6,50.0,7.6,15.2,covers,66,True
Geelong,FORM,After a Loss,53.1,50.0,3.1,6.2,covers,32,False
Geelong,REST,Short Rest (≤ 6 days),56.7,50.0,6.7,13.4,covers,30,False
Geelong,REST,Normal Rest (7–9 days),60.0,50.0,10.0,20.0,covers,50,True
Geelong,REST,Long Rest / Bye (≥ 10 days),44.4,50.0,-5.6,11.2,fades,18,False
Geelong,MOON PHASE,New Moon (±1 day),44.4,50.0,-5.6,11.2,fades,9,False
Geelong,MOON PHASE,Full Moon (±1 day),44.4,50.0,-5.6,11.2,fades,9,False
Geelong,BY MONTH,March,44.4,50.0,-5.6,11.2,fades,9,False
Geelong,BY MONTH,April,73.7,50.0,23.7,47.4,covers,19,True
Geelong,BY MONTH,May,37.5,50.0,-12.5,25.0,fades,16,True
Geelong,BY MONTH,June,46.7,50.0,-3.3,6.6,fades,15,False
Geelong,BY MONTH,July,76.5,50.0,26.5,53.0,covers,17,True
Geelong,BY MONTH,August,46.7,50.0,-3.3,6.6,fades,15,False
Geelong,BY MONTH,September,62.5,50.0,12.5,25.0,covers,8,True
Geelong,BY MONTH,October,,50.0,,,,,
Geelong,HEAD TO HEAD vs OPPONENT,vs Adelaide,60.0,50.0,10.0,20.0,covers,5,True
Geelong,HEAD TO HEAD vs OPPONENT,vs Brisbane,66.7,50.0,16.7,33.4,covers,9,True
Geelong,HEAD TO HEAD vs OPPONENT,vs Carlton,40.0,50.0,-10.0,20.0,fades,5,True
Geelong,HEAD TO HEAD vs OPPONENT,vs Collingwood,50.0,50.0,0.0,0.0,fades,6,False
Geelong,HEAD TO HEAD vs OPPONENT,vs Essendon,83.3,50.0,33.3,66.6,covers,6,True
Geelong,HEAD TO HEAD vs OPPONENT,vs Fremantle,40.0,50.0,-10.0,20.0,fades,5,True
Geelong,HEAD TO HEAD vs OPPONENT,vs GWS Giants,20.0,50.0,-30.0,60.0,fades,5,True
Geelong,HEAD TO HEAD vs OPPONENT,vs Gold Coast,50.0,50.0,0.0,0.0,fades,4,False
Geelong,HEAD TO HEAD vs OPPONENT,vs Hawthorn,83.3,50.0,33.3,66.6,covers,6,True
Geelong,HEAD TO HEAD vs OPPONENT,vs Melbourne,75.0,50.0,25.0,50.0,covers,4,True
Geelong,HEAD TO HEAD vs OPPONENT,vs North Melbourne,100.0,50.0,50.0,100.0,covers,6,True
Geelong,HEAD TO HEAD vs OPPONENT,vs Port Adelaide,62.5,50.0,12.5,25.0,covers,8,True
Geelong,HEAD TO HEAD vs OPPONENT,vs Richmond,40.0,50.0,-10.0,20.0,fades,5,True
Geelong,HEAD TO HEAD vs OPPONENT,vs St Kilda,14.3,50.0,-35.7,71.4,fades,7,True
Geelong,HEAD TO HEAD vs OPPONENT,vs Sydney,50.0,50.0,0.0,0.0,fades,6,False
Geelong,HEAD TO HEAD vs OPPONENT,vs West Coast,40.0,50.0,-10.0,20.0,fades,5,True
Geelong,HEAD TO HEAD vs OPPONENT,vs Western Bulldogs,71.4,50.0,21.4,42.8,covers,7,True
Geelong,BY VENUE,Adelaide Oval,75.0,50.0,25.0,50.0,covers,8,True
Geelong,BY VENUE,ENGIE Stadium,,50.0,,,,,
Geelong,BY VENUE,GMHBA Stadium,56.8,50.0,6.8,13.6,covers,37,False
Geelong,BY VENUE,Gabba,100.0,50.0,50.0,100.0,covers,3,True
Geelong,BY VENUE,MCG,58.6,50.0,8.6,17.2,covers,29,True
Geelong,BY VENUE,Manuka Oval,,50.0,,,,,
Geelong,BY VENUE,Marvel Stadium,42.9,50.0,-7.1,14.2,fades,7,False
Geelong,BY VENUE,Ninja Stadium,,50.0,,,,,
Geelong,BY VENUE,Optus Stadium,25.0,50.0,-25.0,50.0,fades,4,True
Geelong,BY VENUE,People First Stadium,,50.0,,,,,
Geelong,BY VENUE,SCG,25.0,50.0,-25.0,50.0,fades,4,True
Geelong,BY VENUE,TIO Stadium,,50.0,,,,,
Gold Coast,OVERALL,Cover Rate — All Games,49.5,50.0,-0.5,1.0,fades,93,False
Gold Coast,OVERALL,Cover Rate — Home,66.7,50.0,16.7,33.4,covers,45,True
Gold Coast,OVERALL,Cover Rate — Away,33.3,50.0,-16.7,33.4,fades,48,True
Gold Coast,OVERALL,Finals Games,,50.0,,,,,
Gold Coast,FAVOURITE vs UNDERDOG,As Favourite (line < 0),60.5,50.0,10.5,21.0,covers,43,True
Gold Coast,FAVOURITE vs UNDERDOG,As Underdog  (line > 0),40.0,50.0,-10.0,20.0,fades,50,True
Gold Coast,FAVOURITE vs UNDERDOG,Heavy Fav (line ≤ -18.5),61.9,50.0,11.9,23.8,covers,21,True
Gold Coast,FAVOURITE vs UNDERDOG,Slight Fav (line -1 to -18),59.1,50.0,9.1,18.2,covers,22,True
Gold Coast,FAVOURITE vs UNDERDOG,Slight Dog (line +1 to +18),43.2,50.0,-6.8,13.6,fades,37,False
Gold Coast,FAVOURITE vs UNDERDOG,Big Dog    (line ≥ +18.5),30.8,50.0,-19.2,38.4,fades,13,True
Gold Coast,TIME OF DAY,Night Games (kick-off ≥ 18:00),50.0,50.0,0.0,0.0,fades,28,False
Gold Coast,TIME OF DAY,Day Games (kick-off < 18:00),49.2,50.0,-0.8,1.6,fades,65,False
Gold Coast,DAY OF WEEK,Thursday / Friday Games,42.9,50.0,-7.1,14.2,fades,7,False
Gold Coast,DAY OF WEEK,Saturday Games,49.1,50.0,-0.9,1.8,fades,55,False
Gold Coast,DAY OF WEEK,Sunday Games,50.0,50.0,0.0,0.0,fades,30,False
Gold Coast,FORM,After a Win,39.1,50.0,-10.9,21.8,fades,46,True
Gold Coast,FORM,After a Loss,58.7,50.0,8.7,17.4,covers,46,True
Gold Coast,REST,Short Rest (≤ 6 days),53.6,50.0,3.6,7.2,covers,28,False
Gold Coast,REST,Normal Rest (7–9 days),45.3,50.0,-4.7,9.4,fades,53,False
Gold Coast,REST,Long Rest / Bye (≥ 10 days),54.5,50.0,4.5,9.0,covers,11,False
Gold Coast,MOON PHASE,New Moon (±1 day),30.0,50.0,-20.0,40.0,fades,10,True
Gold Coast,MOON PHASE,Full Moon (±1 day),50.0,50.0,0.0,0.0,fades,12,False
Gold Coast,BY MONTH,March,55.6,50.0,5.6,11.2,covers,9,False
Gold Coast,BY MONTH,April,47.1,50.0,-2.9,5.8,fades,17,False
Gold Coast,BY MONTH,May,55.6,50.0,5.6,11.2,covers,18,False
Gold Coast,BY MONTH,June,61.5,50.0,11.5,23.0,covers,13,True
Gold Coast,BY MONTH,July,44.4,50.0,-5.6,11.2,fades,18,False
Gold Coast,BY MONTH,August,37.5,50.0,-12.5,25.0,fades,16,True
Gold Coast,BY MONTH,September,,50.0,,,,,
Gold Coast,BY MONTH,October,,50.0,,,,,
Gold Coast,HEAD TO HEAD vs OPPONENT,vs Adelaide,33.3,50.0,-16.7,33.4,fades,6,True
Gold Coast,HEAD TO HEAD vs OPPONENT,vs Brisbane,33.3,50.0,-16.7,33.4,fades,9,True
Gold Coast,HEAD TO HEAD vs OPPONENT,vs Carlton,40.0,50.0,-10.0,20.0,fades,5,True
Gold Coast,HEAD TO HEAD vs OPPONENT,vs Collingwood,40.0,50.0,-10.0,20.0,fades,5,True
Gold Coast,HEAD TO HEAD vs OPPONENT,vs Essendon,66.7,50.0,16.7,33.4,covers,6,True
Gold Coast,HEAD TO HEAD vs OPPONENT,vs Fremantle,40.0,50.0,-10.0,20.0,fades,5,True
Gold Coast,HEAD TO HEAD vs OPPONENT,vs GWS Giants,0.0,50.0,-50.0,100.0,fades,6,True
Gold Coast,HEAD TO HEAD vs OPPONENT,vs Geelong,50.0,50.0,0.0,0.0,fades,4,False
Gold Coast,HEAD TO HEAD vs OPPONENT,vs Hawthorn,60.0,50.0,10.0,20.0,covers,5,True
Gold Coast,HEAD TO HEAD vs OPPONENT,vs Melbourne,60.0,50.0,10.0,20.0,covers,5,True
Gold Coast,HEAD TO HEAD vs OPPONENT,vs North Melbourne,71.4,50.0,21.4,42.8,covers,7,True
Gold Coast,HEAD TO HEAD vs OPPONENT,vs Port Adelaide,50.0,50.0,0.0,0.0,fades,4,False
Gold Coast,HEAD TO HEAD vs OPPONENT,vs Richmond,83.3,50.0,33.3,66.6,covers,6,True
Gold Coast,HEAD TO HEAD vs OPPONENT,vs St Kilda,60.0,50.0,10.0,20.0,covers,5,True
Gold Coast,HEAD TO HEAD vs OPPONENT,vs Sydney,40.0,50.0,-10.0,20.0,fades,5,True
Gold Coast,HEAD TO HEAD vs OPPONENT,vs West Coast,66.7,50.0,16.7,33.4,covers,6,True
Gold Coast,HEAD TO HEAD vs OPPONENT,vs Western Bulldogs,50.0,50.0,0.0,0.0,fades,4,False
Gold Coast,BY VENUE,Adelaide Hills,,50.0,,,,,
Gold Coast,BY VENUE,Adelaide Oval,20.0,50.0,-30.0,60.0,fades,5,True
Gold Coast,BY VENUE,Barossa Park,,50.0,,,,,
Gold Coast,BY VENUE,ENGIE Stadium,0.0,50.0,-50.0,100.0,fades,3,True
Gold Coast,BY VENUE,GMHBA Stadium,,50.0,,,,,
Gold Coast,BY VENUE,Gabba,20.0,50.0,-30.0,60.0,fades,5,True
Gold Coast,BY VENUE,MCG,50.0,50.0,0.0,0.0,fades,4,False
Gold Coast,BY VENUE,Manuka Oval,,50.0,,,,,
Gold Coast,BY VENUE,Mars Stadium,,50.0,,,,,
Gold Coast,BY VENUE,Marvel Stadium,42.9,50.0,-7.1,14.2,fades,14,False
Gold Coast,BY VENUE,Ninja Stadium,,50.0,,,,,
Gold Coast,BY VENUE,Norwood Oval,,50.0,,,,,
Gold Coast,BY VENUE,Optus Stadium,66.7,50.0,16.7,33.4,covers,6,True
Gold Coast,BY VENUE,People First Stadium,63.9,50.0,13.9,27.8,covers,36,True
Gold Coast,BY VENUE,SCG,33.3,50.0,-16.7,33.4,fades,3,True
Gold Coast,BY VENUE,TIO Stadium,87.5,50.0,37.5,75.0,covers,8,True
Gold Coast,BY VENUE,UTAS Stadium,,50.0,,,,,
Hawthorn,OVERALL,Cover Rate — All Games,57.3,50.0,7.3,14.6,covers,96,False
Hawthorn,OVERALL,Cover Rate — Home,61.4,50.0,11.4,22.8,covers,44,True
Hawthorn,OVERALL,Cover Rate — Away,53.8,50.0,3.8,7.6,covers,52,False
Hawthorn,OVERALL,Finals Games,60.0,50.0,10.0,20.0,covers,5,True
Hawthorn,FAVOURITE vs UNDERDOG,As Favourite (line < 0),69.7,50.0,19.7,39.4,covers,33,True
Hawthorn,FAVOURITE vs UNDERDOG,As Underdog  (line > 0),50.8,50.0,0.8,1.6,covers,63,False
Hawthorn,FAVOURITE vs UNDERDOG,Heavy Fav (line ≤ -18.5),80.0,50.0,30.0,60.0,covers,15,True
Hawthorn,FAVOURITE vs UNDERDOG,Slight Fav (line -1 to -18),61.1,50.0,11.1,22.2,covers,18,True
Hawthorn,FAVOURITE vs UNDERDOG,Slight Dog (line +1 to +18),51.5,50.0,1.5,3.0,covers,33,False
Hawthorn,FAVOURITE vs UNDERDOG,Big Dog    (line ≥ +18.5),50.0,50.0,0.0,0.0,fades,30,False
Hawthorn,TIME OF DAY,Night Games (kick-off ≥ 18:00),45.8,50.0,-4.2,8.4,fades,24,False
Hawthorn,TIME OF DAY,Day Games (kick-off < 18:00),61.1,50.0,11.1,22.2,covers,72,True
Hawthorn,DAY OF WEEK,Thursday / Friday Games,53.3,50.0,3.3,6.6,covers,15,False
Hawthorn,DAY OF WEEK,Saturday Games,62.5,50.0,12.5,25.0,covers,40,True
Hawthorn,DAY OF WEEK,Sunday Games,58.3,50.0,8.3,16.6,covers,36,True
Hawthorn,FORM,After a Win,59.6,50.0,9.6,19.2,covers,47,True
Hawthorn,FORM,After a Loss,54.2,50.0,4.2,8.4,covers,48,False
Hawthorn,REST,Short Rest (≤ 6 days),71.4,50.0,21.4,42.8,covers,28,True
Hawthorn,REST,Normal Rest (7–9 days),50.9,50.0,0.9,1.8,covers,57,False
Hawthorn,REST,Long Rest / Bye (≥ 10 days),50.0,50.0,0.0,0.0,fades,10,False
Hawthorn,MOON PHASE,New Moon (±1 day),44.4,50.0,-5.6,11.2,fades,9,False
Hawthorn,MOON PHASE,Full Moon (±1 day),50.0,50.0,0.0,0.0,fades,8,False
Hawthorn,BY MONTH,March,60.0,50.0,10.0,20.0,covers,10,True
Hawthorn,BY MONTH,April,44.4,50.0,-5.6,11.2,fades,18,False
Hawthorn,BY MONTH,May,58.8,50.0,8.8,17.6,covers,17,True
Hawthorn,BY MONTH,June,69.2,50.0,19.2,38.4,covers,13,True
Hawthorn,BY MONTH,July,55.6,50.0,5.6,11.2,covers,18,False
Hawthorn,BY MONTH,August,60.0,50.0,10.0,20.0,covers,15,True
Hawthorn,BY MONTH,September,60.0,50.0,10.0,20.0,covers,5,True
Hawthorn,BY MONTH,October,,50.0,,,,,
Hawthorn,HEAD TO HEAD vs OPPONENT,vs Adelaide,71.4,50.0,21.4,42.8,covers,7,True
Hawthorn,HEAD TO HEAD vs OPPONENT,vs Brisbane,60.0,50.0,10.0,20.0,covers,5,True
Hawthorn,HEAD TO HEAD vs OPPONENT,vs Carlton,60.0,50.0,10.0,20.0,covers,5,True
Hawthorn,HEAD TO HEAD vs OPPONENT,vs Collingwood,83.3,50.0,33.3,66.6,covers,6,True
Hawthorn,HEAD TO HEAD vs OPPONENT,vs Essendon,25.0,50.0,-25.0,50.0,fades,4,True
Hawthorn,HEAD TO HEAD vs OPPONENT,vs Fremantle,40.0,50.0,-10.0,20.0,fades,5,True
Hawthorn,HEAD TO HEAD vs OPPONENT,vs GWS Giants,71.4,50.0,21.4,42.8,covers,7,True
Hawthorn,HEAD TO HEAD vs OPPONENT,vs Geelong,16.7,50.0,-33.3,66.6,fades,6,True
Hawthorn,HEAD TO HEAD vs OPPONENT,vs Gold Coast,40.0,50.0,-10.0,20.0,fades,5,True
Hawthorn,HEAD TO HEAD vs OPPONENT,vs Melbourne,66.7,50.0,16.7,33.4,covers,6,True
Hawthorn,HEAD TO HEAD vs OPPONENT,vs North Melbourne,100.0,50.0,50.0,100.0,covers,7,True
Hawthorn,HEAD TO HEAD vs OPPONENT,vs Port Adelaide,50.0,50.0,0.0,0.0,fades,6,False
Hawthorn,HEAD TO HEAD vs OPPONENT,vs Richmond,66.7,50.0,16.7,33.4,covers,6,True
Hawthorn,HEAD TO HEAD vs OPPONENT,vs St Kilda,50.0,50.0,0.0,0.0,fades,6,False
Hawthorn,HEAD TO HEAD vs OPPONENT,vs Sydney,25.0,50.0,-25.0,50.0,fades,4,True
Hawthorn,HEAD TO HEAD vs OPPONENT,vs West Coast,50.0,50.0,0.0,0.0,fades,4,False
Hawthorn,HEAD TO HEAD vs OPPONENT,vs Western Bulldogs,57.1,50.0,7.1,14.2,covers,7,False
Hawthorn,BY VENUE,Adelaide Oval,55.6,50.0,5.6,11.2,covers,9,False
Hawthorn,BY VENUE,ENGIE Stadium,66.7,50.0,16.7,33.4,covers,3,True
Hawthorn,BY VENUE,GMHBA Stadium,,50.0,,,,,
Hawthorn,BY VENUE,Gabba,,50.0,,,,,
Hawthorn,BY VENUE,MCG,53.8,50.0,3.8,7.6,covers,39,False
Hawthorn,BY VENUE,Manuka Oval,,50.0,,,,,
Hawthorn,BY VENUE,Marvel Stadium,57.1,50.0,7.1,14.2,covers,14,False
Hawthorn,BY VENUE,Norwood Oval,,50.0,,,,,
Hawthorn,BY VENUE,Optus Stadium,50.0,50.0,0.0,0.0,fades,4,False
Hawthorn,BY VENUE,People First Stadium,,50.0,,,,,
Hawthorn,BY VENUE,SCG,66.7,50.0,16.7,33.4,covers,3,True
Hawthorn,BY VENUE,TIO Stadium,,50.0,,,,,
Hawthorn,BY VENUE,UTAS Stadium,81.2,50.0,31.2,62.4,covers,16,True
Melbourne,OVERALL,Cover Rate — All Games,49.5,50.0,-0.5,1.0,fades,95,False
Melbourne,OVERALL,Cover Rate — Home,52.1,50.0,2.1,4.2,covers,48,False
Melbourne,OVERALL,Cover Rate — Away,46.8,50.0,-3.2,6.4,fades,47,False
Melbourne,OVERALL,Finals Games,25.0,50.0,-25.0,50.0,fades,4,True
Melbourne,FAVOURITE vs UNDERDOG,As Favourite (line < 0),43.1,50.0,-6.9,13.8,fades,65,False
Melbourne,FAVOURITE vs UNDERDOG,As Underdog  (line > 0),63.3,50.0,13.3,26.6,covers,30,True
Melbourne,FAVOURITE vs UNDERDOG,Heavy Fav (line ≤ -18.5),41.9,50.0,-8.1,16.2,fades,31,True
Melbourne,FAVOURITE vs UNDERDOG,Slight Fav (line -1 to -18),44.1,50.0,-5.9,11.8,fades,34,False
Melbourne,FAVOURITE vs UNDERDOG,Slight Dog (line +1 to +18),64.7,50.0,14.7,29.4,covers,17,True
Melbourne,FAVOURITE vs UNDERDOG,Big Dog    (line ≥ +18.5),61.5,50.0,11.5,23.0,covers,13,True
Melbourne,TIME OF DAY,Night Games (kick-off ≥ 18:00),44.7,50.0,-5.3,10.6,fades,47,False
Melbourne,TIME OF DAY,Day Games (kick-off < 18:00),54.2,50.0,4.2,8.4,covers,48,False
Melbourne,DAY OF WEEK,Thursday / Friday Games,42.3,50.0,-7.7,15.4,fades,26,True
Melbourne,DAY OF WEEK,Saturday Games,47.1,50.0,-2.9,5.8,fades,34,False
Melbourne,DAY OF WEEK,Sunday Games,57.1,50.0,7.1,14.2,covers,28,False
Melbourne,FORM,After a Win,48.0,50.0,-2.0,4.0,fades,50,False
Melbourne,FORM,After a Loss,50.0,50.0,0.0,0.0,fades,44,False
Melbourne,REST,Short Rest (≤ 6 days),43.8,50.0,-6.2,12.4,fades,32,False
Melbourne,REST,Normal Rest (7–9 days),48.9,50.0,-1.1,2.2,fades,45,False
Melbourne,REST,Long Rest / Bye (≥ 10 days),58.8,50.0,8.8,17.6,covers,17,True
Melbourne,MOON PHASE,New Moon (±1 day),37.5,50.0,-12.5,25.0,fades,8,True
Melbourne,MOON PHASE,Full Moon (±1 day),33.3,50.0,-16.7,33.4,fades,12,True
Melbourne,BY MONTH,March,54.5,50.0,4.5,9.0,covers,11,False
Melbourne,BY MONTH,April,52.9,50.0,2.9,5.8,covers,17,False
Melbourne,BY MONTH,May,50.0,50.0,0.0,0.0,fades,16,False
Melbourne,BY MONTH,June,42.9,50.0,-7.1,14.2,fades,14,False
Melbourne,BY MONTH,July,55.6,50.0,5.6,11.2,covers,18,False
Melbourne,BY MONTH,August,46.7,50.0,-3.3,6.6,fades,15,False
Melbourne,BY MONTH,September,25.0,50.0,-25.0,50.0,fades,4,True
Melbourne,BY MONTH,October,,50.0,,,,,
Melbourne,HEAD TO HEAD vs OPPONENT,vs Adelaide,75.0,50.0,25.0,50.0,covers,4,True
Melbourne,HEAD TO HEAD vs OPPONENT,vs Brisbane,62.5,50.0,12.5,25.0,covers,8,True
Melbourne,HEAD TO HEAD vs OPPONENT,vs Carlton,16.7,50.0,-33.3,66.6,fades,6,True
Melbourne,HEAD TO HEAD vs OPPONENT,vs Collingwood,50.0,50.0,0.0,0.0,fades,8,False
Melbourne,HEAD TO HEAD vs OPPONENT,vs Essendon,50.0,50.0,0.0,0.0,fades,4,False
Melbourne,HEAD TO HEAD vs OPPONENT,vs Fremantle,33.3,50.0,-16.7,33.4,fades,6,True
Melbourne,HEAD TO HEAD vs OPPONENT,vs GWS Giants,50.0,50.0,0.0,0.0,fades,4,False
Melbourne,HEAD TO HEAD vs OPPONENT,vs Geelong,25.0,50.0,-25.0,50.0,fades,4,True
Melbourne,HEAD TO HEAD vs OPPONENT,vs Gold Coast,40.0,50.0,-10.0,20.0,fades,5,True
Melbourne,HEAD TO HEAD vs OPPONENT,vs Hawthorn,33.3,50.0,-16.7,33.4,fades,6,True
Melbourne,HEAD TO HEAD vs OPPONENT,vs North Melbourne,33.3,50.0,-16.7,33.4,fades,6,True
Melbourne,HEAD TO HEAD vs OPPONENT,vs Port Adelaide,66.7,50.0,16.7,33.4,covers,6,True
Melbourne,HEAD TO HEAD vs OPPONENT,vs Richmond,40.0,50.0,-10.0,20.0,fades,5,True
Melbourne,HEAD TO HEAD vs OPPONENT,vs St Kilda,60.0,50.0,10.0,20.0,covers,5,True
Melbourne,HEAD TO HEAD vs OPPONENT,vs Sydney,50.0,50.0,0.0,0.0,fades,6,False
Melbourne,HEAD TO HEAD vs OPPONENT,vs West Coast,83.3,50.0,33.3,66.6,covers,6,True
Melbourne,HEAD TO HEAD vs OPPONENT,vs Western Bulldogs,66.7,50.0,16.7,33.4,covers,6,True
Melbourne,BY VENUE,Adelaide Oval,55.6,50.0,5.6,11.2,covers,9,False
Melbourne,BY VENUE,GMHBA Stadium,0.0,50.0,-50.0,100.0,fades,3,True
Melbourne,BY VENUE,Gabba,75.0,50.0,25.0,50.0,covers,4,True
Melbourne,BY VENUE,MCG,52.7,50.0,2.7,5.4,covers,55,False
Melbourne,BY VENUE,Marvel Stadium,28.6,50.0,-21.4,42.8,fades,7,True
Melbourne,BY VENUE,Ninja Stadium,,50.0,,,,,
Melbourne,BY VENUE,Optus Stadium,66.7,50.0,16.7,33.4,covers,6,True
Melbourne,BY VENUE,People First Stadium,50.0,50.0,0.0,0.0,fades,4,False
Melbourne,BY VENUE,SCG,,50.0,,,,,
Melbourne,BY VENUE,TIO Stadium,33.3,50.0,-16.7,33.4,fades,3,True
Melbourne,BY VENUE,Traeger Park,,50.0,,,,,
North Melbourne,OVERALL,Cover Rate — All Games,46.2,50.0,-3.8,7.6,fades,91,False
North Melbourne,OVERALL,Cover Rate — Home,48.9,50.0,-1.1,2.2,fades,45,False
North Melbourne,OVERALL,Cover Rate — Away,43.5,50.0,-6.5,13.0,fades,46,False
North Melbourne,OVERALL,Finals Games,,50.0,,,,,
North Melbourne,FAVOURITE vs UNDERDOG,As Favourite (line < 0),37.5,50.0,-12.5,25.0,fades,8,True
North Melbourne,FAVOURITE vs UNDERDOG,As Underdog  (line > 0),47.0,50.0,-3.0,6.0,fades,83,False
North Melbourne,FAVOURITE vs UNDERDOG,Heavy Fav (line ≤ -18.5),,50.0,,,,,
North Melbourne,FAVOURITE vs UNDERDOG,Slight Fav (line -1 to -18),42.9,50.0,-7.1,14.2,fades,7,False
North Melbourne,FAVOURITE vs UNDERDOG,Slight Dog (line +1 to +18),22.2,50.0,-27.8,55.6,fades,9,True
North Melbourne,FAVOURITE vs UNDERDOG,Big Dog    (line ≥ +18.5),50.0,50.0,0.0,0.0,fades,74,False
North Melbourne,TIME OF DAY,Night Games (kick-off ≥ 18:00),30.8,50.0,-19.2,38.4,fades,13,True
North Melbourne,TIME OF DAY,Day Games (kick-off < 18:00),48.7,50.0,-1.3,2.6,fades,78,False
North Melbourne,DAY OF WEEK,Thursday / Friday Games,37.5,50.0,-12.5,25.0,fades,8,True
North Melbourne,DAY OF WEEK,Saturday Games,46.9,50.0,-3.1,6.2,fades,49,False
North Melbourne,DAY OF WEEK,Sunday Games,47.1,50.0,-2.9,5.8,fades,34,False
North Melbourne,FORM,After a Win,46.2,50.0,-3.8,7.6,fades,13,False
North Melbourne,FORM,After a Loss,46.8,50.0,-3.2,6.4,fades,77,False
North Melbourne,REST,Short Rest (≤ 6 days),36.0,50.0,-14.0,28.0,fades,25,True
North Melbourne,REST,Normal Rest (7–9 days),48.2,50.0,-1.8,3.6,fades,56,False
North Melbourne,REST,Long Rest / Bye (≥ 10 days),66.7,50.0,16.7,33.4,covers,9,True
North Melbourne,MOON PHASE,New Moon (±1 day),63.6,50.0,13.6,27.2,covers,11,True
North Melbourne,MOON PHASE,Full Moon (±1 day),63.6,50.0,13.6,27.2,covers,11,True
North Melbourne,BY MONTH,March,60.0,50.0,10.0,20.0,covers,10,True
North Melbourne,BY MONTH,April,16.7,50.0,-33.3,66.6,fades,18,True
North Melbourne,BY MONTH,May,43.8,50.0,-6.2,12.4,fades,16,False
North Melbourne,BY MONTH,June,64.3,50.0,14.3,28.6,covers,14,True
North Melbourne,BY MONTH,July,38.9,50.0,-11.1,22.2,fades,18,True
North Melbourne,BY MONTH,August,66.7,50.0,16.7,33.4,covers,15,True
North Melbourne,BY MONTH,September,,50.0,,,,,
North Melbourne,BY MONTH,October,,50.0,,,,,
North Melbourne,HEAD TO HEAD vs OPPONENT,vs Adelaide,50.0,50.0,0.0,0.0,fades,6,False
North Melbourne,HEAD TO HEAD vs OPPONENT,vs Brisbane,25.0,50.0,-25.0,50.0,fades,4,True
North Melbourne,HEAD TO HEAD vs OPPONENT,vs Carlton,50.0,50.0,0.0,0.0,fades,6,False
North Melbourne,HEAD TO HEAD vs OPPONENT,vs Collingwood,75.0,50.0,25.0,50.0,covers,4,True
North Melbourne,HEAD TO HEAD vs OPPONENT,vs Essendon,80.0,50.0,30.0,60.0,covers,5,True
North Melbourne,HEAD TO HEAD vs OPPONENT,vs Fremantle,50.0,50.0,0.0,0.0,fades,4,False
North Melbourne,HEAD TO HEAD vs OPPONENT,vs GWS Giants,25.0,50.0,-25.0,50.0,fades,4,True
North Melbourne,HEAD TO HEAD vs OPPONENT,vs Geelong,0.0,50.0,-50.0,100.0,fades,6,True
North Melbourne,HEAD TO HEAD vs OPPONENT,vs Gold Coast,28.6,50.0,-21.4,42.8,fades,7,True
North Melbourne,HEAD TO HEAD vs OPPONENT,vs Hawthorn,0.0,50.0,-50.0,100.0,fades,7,True
North Melbourne,HEAD TO HEAD vs OPPONENT,vs Melbourne,66.7,50.0,16.7,33.4,covers,6,True
North Melbourne,HEAD TO HEAD vs OPPONENT,vs Port Adelaide,25.0,50.0,-25.0,50.0,fades,4,True
North Melbourne,HEAD TO HEAD vs OPPONENT,vs Richmond,80.0,50.0,30.0,60.0,covers,5,True
North Melbourne,HEAD TO HEAD vs OPPONENT,vs St Kilda,60.0,50.0,10.0,20.0,covers,5,True
North Melbourne,HEAD TO HEAD vs OPPONENT,vs Sydney,66.7,50.0,16.7,33.4,covers,6,True
North Melbourne,HEAD TO HEAD vs OPPONENT,vs West Coast,50.0,50.0,0.0,0.0,fades,6,False
North Melbourne,HEAD TO HEAD vs OPPONENT,vs Western Bulldogs,66.7,50.0,16.7,33.4,covers,6,True
North Melbourne,BY VENUE,Adelaide Hills,,50.0,,,,,
North Melbourne,BY VENUE,Adelaide Oval,75.0,50.0,25.0,50.0,covers,4,True
North Melbourne,BY VENUE,Barossa Park,,50.0,,,,,
North Melbourne,BY VENUE,ENGIE Stadium,,50.0,,,,,
North Melbourne,BY VENUE,GMHBA Stadium,0.0,50.0,-50.0,100.0,fades,3,True
North Melbourne,BY VENUE,Gabba,,50.0,,,,,
North Melbourne,BY VENUE,Hands Oval,,50.0,,,,,
North Melbourne,BY VENUE,MCG,50.0,50.0,0.0,0.0,fades,8,False
North Melbourne,BY VENUE,Manuka Oval,,50.0,,,,,
North Melbourne,BY VENUE,Marvel Stadium,58.5,50.0,8.5,17.0,covers,41,True
North Melbourne,BY VENUE,Ninja Stadium,30.8,50.0,-19.2,38.4,fades,13,True
North Melbourne,BY VENUE,Norwood Oval,,50.0,,,,,
North Melbourne,BY VENUE,Optus Stadium,60.0,50.0,10.0,20.0,covers,5,True
North Melbourne,BY VENUE,People First Stadium,,50.0,,,,,
North Melbourne,BY VENUE,SCG,50.0,50.0,0.0,0.0,fades,4,False
North Melbourne,BY VENUE,TIO Stadium,,50.0,,,,,
North Melbourne,BY VENUE,UTAS Stadium,0.0,50.0,-50.0,100.0,fades,3,True
Port Adelaide,OVERALL,Cover Rate — All Games,49.0,50.0,-1.0,2.0,fades,96,False
Port Adelaide,OVERALL,Cover Rate — Home,52.0,50.0,2.0,4.0,covers,50,False
Port Adelaide,OVERALL,Cover Rate — Away,45.7,50.0,-4.3,8.6,fades,46,False
Port Adelaide,OVERALL,Finals Games,40.0,50.0,-10.0,20.0,fades,5,True
Port Adelaide,FAVOURITE vs UNDERDOG,As Favourite (line < 0),46.9,50.0,-3.1,6.2,fades,49,False
Port Adelaide,FAVOURITE vs UNDERDOG,As Underdog  (line > 0),51.1,50.0,1.1,2.2,covers,47,False
Port Adelaide,FAVOURITE vs UNDERDOG,Heavy Fav (line ≤ -18.5),47.6,50.0,-2.4,4.8,fades,21,False
Port Adelaide,FAVOURITE vs UNDERDOG,Slight Fav (line -1 to -18),46.4,50.0,-3.6,7.2,fades,28,False
Port Adelaide,FAVOURITE vs UNDERDOG,Slight Dog (line +1 to +18),51.5,50.0,1.5,3.0,covers,33,False
Port Adelaide,FAVOURITE vs UNDERDOG,Big Dog    (line ≥ +18.5),50.0,50.0,0.0,0.0,fades,14,False
Port Adelaide,TIME OF DAY,Night Games (kick-off ≥ 18:00),52.0,50.0,2.0,4.0,covers,50,False
Port Adelaide,TIME OF DAY,Day Games (kick-off < 18:00),45.7,50.0,-4.3,8.6,fades,46,False
Port Adelaide,DAY OF WEEK,Thursday / Friday Games,55.0,50.0,5.0,10.0,covers,20,False
Port Adelaide,DAY OF WEEK,Saturday Games,44.2,50.0,-5.8,11.6,fades,52,False
Port Adelaide,DAY OF WEEK,Sunday Games,54.2,50.0,4.2,8.4,covers,24,False
Port Adelaide,FORM,After a Win,48.1,50.0,-1.9,3.8,fades,52,False
Port Adelaide,FORM,After a Loss,48.8,50.0,-1.2,2.4,fades,43,False
Port Adelaide,REST,Short Rest (≤ 6 days),56.7,50.0,6.7,13.4,covers,30,False
Port Adelaide,REST,Normal Rest (7–9 days),46.3,50.0,-3.7,7.4,fades,54,False
Port Adelaide,REST,Long Rest / Bye (≥ 10 days),36.4,50.0,-13.6,27.2,fades,11,True
Port Adelaide,MOON PHASE,New Moon (±1 day),70.0,50.0,20.0,40.0,covers,10,True
Port Adelaide,MOON PHASE,Full Moon (±1 day),66.7,50.0,16.7,33.4,covers,9,True
Port Adelaide,BY MONTH,March,50.0,50.0,0.0,0.0,fades,10,False
Port Adelaide,BY MONTH,April,50.0,50.0,0.0,0.0,fades,18,False
Port Adelaide,BY MONTH,May,47.1,50.0,-2.9,5.8,fades,17,False
Port Adelaide,BY MONTH,June,61.5,50.0,11.5,23.0,covers,13,True
Port Adelaide,BY MONTH,July,27.8,50.0,-22.2,44.4,fades,18,True
Port Adelaide,BY MONTH,August,66.7,50.0,16.7,33.4,covers,15,True
Port Adelaide,BY MONTH,September,40.0,50.0,-10.0,20.0,fades,5,True
Port Adelaide,BY MONTH,October,,50.0,,,,,
Port Adelaide,HEAD TO HEAD vs OPPONENT,vs Adelaide,37.5,50.0,-12.5,25.0,fades,8,True
Port Adelaide,HEAD TO HEAD vs OPPONENT,vs Brisbane,40.0,50.0,-10.0,20.0,fades,5,True
Port Adelaide,HEAD TO HEAD vs OPPONENT,vs Carlton,50.0,50.0,0.0,0.0,fades,6,False
Port Adelaide,HEAD TO HEAD vs OPPONENT,vs Collingwood,0.0,50.0,-50.0,100.0,fades,5,True
Port Adelaide,HEAD TO HEAD vs OPPONENT,vs Essendon,33.3,50.0,-16.7,33.4,fades,6,True
Port Adelaide,HEAD TO HEAD vs OPPONENT,vs Fremantle,66.7,50.0,16.7,33.4,covers,6,True
Port Adelaide,HEAD TO HEAD vs OPPONENT,vs GWS Giants,80.0,50.0,30.0,60.0,covers,5,True
Port Adelaide,HEAD TO HEAD vs OPPONENT,vs Geelong,37.5,50.0,-12.5,25.0,fades,8,True
Port Adelaide,HEAD TO HEAD vs OPPONENT,vs Gold Coast,50.0,50.0,0.0,0.0,fades,4,False
Port Adelaide,HEAD TO HEAD vs OPPONENT,vs Hawthorn,50.0,50.0,0.0,0.0,fades,6,False
Port Adelaide,HEAD TO HEAD vs OPPONENT,vs Melbourne,33.3,50.0,-16.7,33.4,fades,6,True
Port Adelaide,HEAD TO HEAD vs OPPONENT,vs North Melbourne,75.0,50.0,25.0,50.0,covers,4,True
Port Adelaide,HEAD TO HEAD vs OPPONENT,vs Richmond,42.9,50.0,-7.1,14.2,fades,7,False
Port Adelaide,HEAD TO HEAD vs OPPONENT,vs St Kilda,60.0,50.0,10.0,20.0,covers,5,True
Port Adelaide,HEAD TO HEAD vs OPPONENT,vs Sydney,66.7,50.0,16.7,33.4,covers,6,True
Port Adelaide,HEAD TO HEAD vs OPPONENT,vs West Coast,50.0,50.0,0.0,0.0,fades,4,False
Port Adelaide,HEAD TO HEAD vs OPPONENT,vs Western Bulldogs,80.0,50.0,30.0,60.0,covers,5,True
Port Adelaide,BY VENUE,Adelaide Oval,48.1,50.0,-1.9,3.8,fades,54,False
Port Adelaide,BY VENUE,Cazaly’s Stadium,,50.0,,,,,
Port Adelaide,BY VENUE,ENGIE Stadium,,50.0,,,,,
Port Adelaide,BY VENUE,GMHBA Stadium,50.0,50.0,0.0,0.0,fades,4,False
Port Adelaide,BY VENUE,Gabba,33.3,50.0,-16.7,33.4,fades,3,True
Port Adelaide,BY VENUE,MCG,30.0,50.0,-20.0,40.0,fades,10,True
Port Adelaide,BY VENUE,Manuka Oval,,50.0,,,,,
Port Adelaide,BY VENUE,Mars Stadium,,50.0,,,,,
Port Adelaide,BY VENUE,Marvel Stadium,62.5,50.0,12.5,25.0,covers,8,True
Port Adelaide,BY VENUE,Ninja Stadium,100.0,50.0,50.0,100.0,covers,3,True
Port Adelaide,BY VENUE,Optus Stadium,75.0,50.0,25.0,50.0,covers,4,True
Port Adelaide,BY VENUE,People First Stadium,,50.0,,,,,
Port Adelaide,BY VENUE,SCG,66.7,50.0,16.7,33.4,covers,3,True
Port Adelaide,BY VENUE,TIO Stadium,,50.0,,,,,
Port Adelaide,BY VENUE,UTAS Stadium,,50.0,,,,,
Richmond,OVERALL,Cover Rate — All Games,46.7,50.0,-3.3,6.6,fades,92,False
Richmond,OVERALL,Cover Rate — Home,51.1,50.0,1.1,2.2,covers,47,False
Richmond,OVERALL,Cover Rate — Away,42.2,50.0,-7.8,15.6,fades,45,True
Richmond,OVERALL,Finals Games,,50.0,,,,,
Richmond,FAVOURITE vs UNDERDOG,As Favourite (line < 0),42.9,50.0,-7.1,14.2,fades,28,False
Richmond,FAVOURITE vs UNDERDOG,As Underdog  (line > 0),48.4,50.0,-1.6,3.2,fades,64,False
Richmond,FAVOURITE vs UNDERDOG,Heavy Fav (line ≤ -18.5),55.6,50.0,5.6,11.2,covers,9,False
Richmond,FAVOURITE vs UNDERDOG,Slight Fav (line -1 to -18),36.8,50.0,-13.2,26.4,fades,19,True
Richmond,FAVOURITE vs UNDERDOG,Slight Dog (line +1 to +18),46.7,50.0,-3.3,6.6,fades,30,False
Richmond,FAVOURITE vs UNDERDOG,Big Dog    (line ≥ +18.5),50.0,50.0,0.0,0.0,fades,34,False
Richmond,TIME OF DAY,Night Games (kick-off ≥ 18:00),67.6,50.0,17.6,35.2,covers,37,True
Richmond,TIME OF DAY,Day Games (kick-off < 18:00),32.7,50.0,-17.3,34.6,fades,55,True
Richmond,DAY OF WEEK,Thursday / Friday Games,63.2,50.0,13.2,26.4,covers,19,True
Richmond,DAY OF WEEK,Saturday Games,50.0,50.0,0.0,0.0,fades,40,False
Richmond,DAY OF WEEK,Sunday Games,32.3,50.0,-17.7,35.4,fades,31,True
Richmond,FORM,After a Win,60.0,50.0,10.0,20.0,covers,30,True
Richmond,FORM,After a Loss,41.0,50.0,-9.0,18.0,fades,61,True
Richmond,REST,Short Rest (≤ 6 days),55.2,50.0,5.2,10.4,covers,29,False
Richmond,REST,Normal Rest (7–9 days),48.9,50.0,-1.1,2.2,fades,47,False
Richmond,REST,Long Rest / Bye (≥ 10 days),26.7,50.0,-23.3,46.6,fades,15,True
Richmond,MOON PHASE,New Moon (±1 day),45.5,50.0,-4.5,9.0,fades,11,False
Richmond,MOON PHASE,Full Moon (±1 day),41.7,50.0,-8.3,16.6,fades,12,True
Richmond,BY MONTH,March,50.0,50.0,0.0,0.0,fades,12,False
Richmond,BY MONTH,April,50.0,50.0,0.0,0.0,fades,16,False
Richmond,BY MONTH,May,58.8,50.0,8.8,17.6,covers,17,True
Richmond,BY MONTH,June,50.0,50.0,0.0,0.0,fades,14,False
Richmond,BY MONTH,July,35.3,50.0,-14.7,29.4,fades,17,True
Richmond,BY MONTH,August,40.0,50.0,-10.0,20.0,fades,15,True
Richmond,BY MONTH,September,,50.0,,,,,
Richmond,BY MONTH,October,,50.0,,,,,
Richmond,HEAD TO HEAD vs OPPONENT,vs Adelaide,50.0,50.0,0.0,0.0,fades,4,False
Richmond,HEAD TO HEAD vs OPPONENT,vs Brisbane,40.0,50.0,-10.0,20.0,fades,5,True
Richmond,HEAD TO HEAD vs OPPONENT,vs Carlton,50.0,50.0,0.0,0.0,fades,6,False
Richmond,HEAD TO HEAD vs OPPONENT,vs Collingwood,75.0,50.0,25.0,50.0,covers,4,True
Richmond,HEAD TO HEAD vs OPPONENT,vs Essendon,83.3,50.0,33.3,66.6,covers,6,True
Richmond,HEAD TO HEAD vs OPPONENT,vs Fremantle,20.0,50.0,-30.0,60.0,fades,5,True
Richmond,HEAD TO HEAD vs OPPONENT,vs GWS Giants,75.0,50.0,25.0,50.0,covers,4,True
Richmond,HEAD TO HEAD vs OPPONENT,vs Geelong,60.0,50.0,10.0,20.0,covers,5,True
Richmond,HEAD TO HEAD vs OPPONENT,vs Gold Coast,16.7,50.0,-33.3,66.6,fades,6,True
Richmond,HEAD TO HEAD vs OPPONENT,vs Hawthorn,33.3,50.0,-16.7,33.4,fades,6,True
Richmond,HEAD TO HEAD vs OPPONENT,vs Melbourne,60.0,50.0,10.0,20.0,covers,5,True
Richmond,HEAD TO HEAD vs OPPONENT,vs North Melbourne,20.0,50.0,-30.0,60.0,fades,5,True
Richmond,HEAD TO HEAD vs OPPONENT,vs Port Adelaide,57.1,50.0,7.1,14.2,covers,7,False
Richmond,HEAD TO HEAD vs OPPONENT,vs St Kilda,42.9,50.0,-7.1,14.2,fades,7,False
Richmond,HEAD TO HEAD vs OPPONENT,vs Sydney,60.0,50.0,10.0,20.0,covers,5,True
Richmond,HEAD TO HEAD vs OPPONENT,vs West Coast,42.9,50.0,-7.1,14.2,fades,7,False
Richmond,HEAD TO HEAD vs OPPONENT,vs Western Bulldogs,20.0,50.0,-30.0,60.0,fades,5,True
Richmond,BY VENUE,Adelaide Oval,62.5,50.0,12.5,25.0,covers,8,True
Richmond,BY VENUE,Barossa Park,,50.0,,,,,
Richmond,BY VENUE,ENGIE Stadium,,50.0,,,,,
Richmond,BY VENUE,GMHBA Stadium,,50.0,,,,,
Richmond,BY VENUE,Gabba,0.0,50.0,-50.0,100.0,fades,3,True
Richmond,BY VENUE,MCG,54.7,50.0,4.7,9.4,covers,53,False
Richmond,BY VENUE,Marvel Stadium,10.0,50.0,-40.0,80.0,fades,10,True
Richmond,BY VENUE,Ninja Stadium,,50.0,,,,,
Richmond,BY VENUE,Norwood Oval,,50.0,,,,,
Richmond,BY VENUE,Optus Stadium,50.0,50.0,0.0,0.0,fades,6,False
Richmond,BY VENUE,People First Stadium,0.0,50.0,-50.0,100.0,fades,3,True
Richmond,BY VENUE,SCG,,50.0,,,,,
St Kilda,OVERALL,Cover Rate — All Games,50.0,50.0,0.0,0.0,fades,92,False
St Kilda,OVERALL,Cover Rate — Home,47.8,50.0,-2.2,4.4,fades,46,False
St Kilda,OVERALL,Cover Rate — Away,52.2,50.0,2.2,4.4,covers,46,False
St Kilda,OVERALL,Finals Games,,50.0,,,,,
St Kilda,FAVOURITE vs UNDERDOG,As Favourite (line < 0),48.7,50.0,-1.3,2.6,fades,39,False
St Kilda,FAVOURITE vs UNDERDOG,As Underdog  (line > 0),50.9,50.0,0.9,1.8,covers,53,False
St Kilda,FAVOURITE vs UNDERDOG,Heavy Fav (line ≤ -18.5),43.8,50.0,-6.2,12.4,fades,16,False
St Kilda,FAVOURITE vs UNDERDOG,Slight Fav (line -1 to -18),52.2,50.0,2.2,4.4,covers,23,False
St Kilda,FAVOURITE vs UNDERDOG,Slight Dog (line +1 to +18),47.2,50.0,-2.8,5.6,fades,36,False
St Kilda,FAVOURITE vs UNDERDOG,Big Dog    (line ≥ +18.5),58.8,50.0,8.8,17.6,covers,17,True
St Kilda,TIME OF DAY,Night Games (kick-off ≥ 18:00),39.5,50.0,-10.5,21.0,fades,38,True
St Kilda,TIME OF DAY,Day Games (kick-off < 18:00),57.4,50.0,7.4,14.8,covers,54,False
St Kilda,DAY OF WEEK,Thursday / Friday Games,41.2,50.0,-8.8,17.6,fades,17,True
St Kilda,DAY OF WEEK,Saturday Games,48.6,50.0,-1.4,2.8,fades,37,False
St Kilda,DAY OF WEEK,Sunday Games,55.3,50.0,5.3,10.6,covers,38,False
St Kilda,FORM,After a Win,47.7,50.0,-2.3,4.6,fades,44,False
St Kilda,FORM,After a Loss,53.2,50.0,3.2,6.4,covers,47,False
St Kilda,REST,Short Rest (≤ 6 days),51.9,50.0,1.9,3.8,covers,27,False
St Kilda,REST,Normal Rest (7–9 days),51.8,50.0,1.8,3.6,covers,56,False
St Kilda,REST,Long Rest / Bye (≥ 10 days),37.5,50.0,-12.5,25.0,fades,8,True
St Kilda,MOON PHASE,New Moon (±1 day),37.5,50.0,-12.5,25.0,fades,8,True
St Kilda,MOON PHASE,Full Moon (±1 day),25.0,50.0,-25.0,50.0,fades,8,True
St Kilda,BY MONTH,March,70.0,50.0,20.0,40.0,covers,10,True
St Kilda,BY MONTH,April,61.1,50.0,11.1,22.2,covers,18,True
St Kilda,BY MONTH,May,37.5,50.0,-12.5,25.0,fades,16,True
St Kilda,BY MONTH,June,35.7,50.0,-14.3,28.6,fades,14,True
St Kilda,BY MONTH,July,55.6,50.0,5.6,11.2,covers,18,False
St Kilda,BY MONTH,August,46.7,50.0,-3.3,6.6,fades,15,False
St Kilda,BY MONTH,September,,50.0,,,,,
St Kilda,BY MONTH,October,,50.0,,,,,
St Kilda,HEAD TO HEAD vs OPPONENT,vs Adelaide,25.0,50.0,-25.0,50.0,fades,4,True
St Kilda,HEAD TO HEAD vs OPPONENT,vs Brisbane,28.6,50.0,-21.4,42.8,fades,7,True
St Kilda,HEAD TO HEAD vs OPPONENT,vs Carlton,40.0,50.0,-10.0,20.0,fades,5,True
St Kilda,HEAD TO HEAD vs OPPONENT,vs Collingwood,50.0,50.0,0.0,0.0,fades,4,False
St Kilda,HEAD TO HEAD vs OPPONENT,vs Essendon,40.0,50.0,-10.0,20.0,fades,5,True
St Kilda,HEAD TO HEAD vs OPPONENT,vs Fremantle,66.7,50.0,16.7,33.4,covers,6,True
St Kilda,HEAD TO HEAD vs OPPONENT,vs GWS Giants,66.7,50.0,16.7,33.4,covers,6,True
St Kilda,HEAD TO HEAD vs OPPONENT,vs Geelong,85.7,50.0,35.7,71.4,covers,7,True
St Kilda,HEAD TO HEAD vs OPPONENT,vs Gold Coast,40.0,50.0,-10.0,20.0,fades,5,True
St Kilda,HEAD TO HEAD vs OPPONENT,vs Hawthorn,50.0,50.0,0.0,0.0,fades,6,False
St Kilda,HEAD TO HEAD vs OPPONENT,vs Melbourne,40.0,50.0,-10.0,20.0,fades,5,True
St Kilda,HEAD TO HEAD vs OPPONENT,vs North Melbourne,40.0,50.0,-10.0,20.0,fades,5,True
St Kilda,HEAD TO HEAD vs OPPONENT,vs Port Adelaide,40.0,50.0,-10.0,20.0,fades,5,True
St Kilda,HEAD TO HEAD vs OPPONENT,vs Richmond,57.1,50.0,7.1,14.2,covers,7,False
St Kilda,HEAD TO HEAD vs OPPONENT,vs Sydney,80.0,50.0,30.0,60.0,covers,5,True
St Kilda,HEAD TO HEAD vs OPPONENT,vs West Coast,60.0,50.0,10.0,20.0,covers,5,True
St Kilda,HEAD TO HEAD vs OPPONENT,vs Western Bulldogs,20.0,50.0,-30.0,60.0,fades,5,True
St Kilda,BY VENUE,Adelaide Oval,57.1,50.0,7.1,14.2,covers,7,False
St Kilda,BY VENUE,Cazaly’s Stadium,,50.0,,,,,
St Kilda,BY VENUE,ENGIE Stadium,,50.0,,,,,
St Kilda,BY VENUE,GMHBA Stadium,66.7,50.0,16.7,33.4,covers,3,True
St Kilda,BY VENUE,Gabba,66.7,50.0,16.7,33.4,covers,3,True
St Kilda,BY VENUE,MCG,33.3,50.0,-16.7,33.4,fades,9,True
St Kilda,BY VENUE,Manuka Oval,,50.0,,,,,
St Kilda,BY VENUE,Marvel Stadium,48.1,50.0,-1.9,3.8,fades,52,False
St Kilda,BY VENUE,Norwood Oval,,50.0,,,,,
St Kilda,BY VENUE,Optus Stadium,66.7,50.0,16.7,33.4,covers,6,True
St Kilda,BY VENUE,People First Stadium,,50.0,,,,,
St Kilda,BY VENUE,SCG,,50.0,,,,,
St Kilda,BY VENUE,TIO Stadium,,50.0,,,,,
St Kilda,BY VENUE,UTAS Stadium,,50.0,,,,,
Sydney,OVERALL,Cover Rate — All Games,53.1,50.0,3.1,6.2,covers,98,False
Sydney,OVERALL,Cover Rate — Home,52.1,50.0,2.1,4.2,covers,48,False
Sydney,OVERALL,Cover Rate — Away,54.0,50.0,4.0,8.0,covers,50,False
Sydney,OVERALL,Finals Games,42.9,50.0,-7.1,14.2,fades,7,False
Sydney,FAVOURITE vs UNDERDOG,As Favourite (line < 0),51.5,50.0,1.5,3.0,covers,68,False
Sydney,FAVOURITE vs UNDERDOG,As Underdog  (line > 0),56.7,50.0,6.7,13.4,covers,30,False
Sydney,FAVOURITE vs UNDERDOG,Heavy Fav (line ≤ -18.5),46.4,50.0,-3.6,7.2,fades,28,False
Sydney,FAVOURITE vs UNDERDOG,Slight Fav (line -1 to -18),55.0,50.0,5.0,10.0,covers,40,False
Sydney,FAVOURITE vs UNDERDOG,Slight Dog (line +1 to +18),53.8,50.0,3.8,7.6,covers,26,False
Sydney,FAVOURITE vs UNDERDOG,Big Dog    (line ≥ +18.5),75.0,50.0,25.0,50.0,covers,4,True
Sydney,TIME OF DAY,Night Games (kick-off ≥ 18:00),64.3,50.0,14.3,28.6,covers,42,True
Sydney,TIME OF DAY,Day Games (kick-off < 18:00),44.6,50.0,-5.4,10.8,fades,56,False
Sydney,DAY OF WEEK,Thursday / Friday Games,64.3,50.0,14.3,28.6,covers,28,True
Sydney,DAY OF WEEK,Saturday Games,52.2,50.0,2.2,4.4,covers,46,False
Sydney,DAY OF WEEK,Sunday Games,39.1,50.0,-10.9,21.8,fades,23,True
Sydney,FORM,After a Win,56.7,50.0,6.7,13.4,covers,60,False
Sydney,FORM,After a Loss,45.9,50.0,-4.1,8.2,fades,37,False
Sydney,REST,Short Rest (≤ 6 days),48.3,50.0,-1.7,3.4,fades,29,False
Sydney,REST,Normal Rest (7–9 days),50.9,50.0,0.9,1.8,covers,53,False
Sydney,REST,Long Rest / Bye (≥ 10 days),66.7,50.0,16.7,33.4,covers,15,True
Sydney,MOON PHASE,New Moon (±1 day),12.5,50.0,-37.5,75.0,fades,8,True
Sydney,MOON PHASE,Full Moon (±1 day),100.0,50.0,50.0,100.0,covers,7,True
Sydney,BY MONTH,March,75.0,50.0,25.0,50.0,covers,12,True
Sydney,BY MONTH,April,40.0,50.0,-10.0,20.0,fades,15,True
Sydney,BY MONTH,May,44.4,50.0,-5.6,11.2,fades,18,False
Sydney,BY MONTH,June,78.6,50.0,28.6,57.2,covers,14,True
Sydney,BY MONTH,July,41.2,50.0,-8.8,17.6,fades,17,True
Sydney,BY MONTH,August,53.3,50.0,3.3,6.6,covers,15,False
Sydney,BY MONTH,September,42.9,50.0,-7.1,14.2,fades,7,False
Sydney,BY MONTH,October,,50.0,,,,,
Sydney,HEAD TO HEAD vs OPPONENT,vs Adelaide,60.0,50.0,10.0,20.0,covers,5,True
Sydney,HEAD TO HEAD vs OPPONENT,vs Brisbane,66.7,50.0,16.7,33.4,covers,6,True
Sydney,HEAD TO HEAD vs OPPONENT,vs Carlton,80.0,50.0,30.0,60.0,covers,5,True
Sydney,HEAD TO HEAD vs OPPONENT,vs Collingwood,33.3,50.0,-16.7,33.4,fades,6,True
Sydney,HEAD TO HEAD vs OPPONENT,vs Essendon,42.9,50.0,-7.1,14.2,fades,7,False
Sydney,HEAD TO HEAD vs OPPONENT,vs Fremantle,71.4,50.0,21.4,42.8,covers,7,True
Sydney,HEAD TO HEAD vs OPPONENT,vs GWS Giants,66.7,50.0,16.7,33.4,covers,9,True
Sydney,HEAD TO HEAD vs OPPONENT,vs Geelong,50.0,50.0,0.0,0.0,fades,6,False
Sydney,HEAD TO HEAD vs OPPONENT,vs Gold Coast,60.0,50.0,10.0,20.0,covers,5,True
Sydney,HEAD TO HEAD vs OPPONENT,vs Hawthorn,75.0,50.0,25.0,50.0,covers,4,True
Sydney,HEAD TO HEAD vs OPPONENT,vs Melbourne,50.0,50.0,0.0,0.0,fades,6,False
Sydney,HEAD TO HEAD vs OPPONENT,vs North Melbourne,33.3,50.0,-16.7,33.4,fades,6,True
Sydney,HEAD TO HEAD vs OPPONENT,vs Port Adelaide,33.3,50.0,-16.7,33.4,fades,6,True
Sydney,HEAD TO HEAD vs OPPONENT,vs Richmond,40.0,50.0,-10.0,20.0,fades,5,True
Sydney,HEAD TO HEAD vs OPPONENT,vs St Kilda,20.0,50.0,-30.0,60.0,fades,5,True
Sydney,HEAD TO HEAD vs OPPONENT,vs West Coast,75.0,50.0,25.0,50.0,covers,4,True
Sydney,HEAD TO HEAD vs OPPONENT,vs Western Bulldogs,50.0,50.0,0.0,0.0,fades,6,False
Sydney,BY VENUE,Accor Stadium,,50.0,,,,,
Sydney,BY VENUE,Adelaide Hills,,50.0,,,,,
Sydney,BY VENUE,Adelaide Oval,57.1,50.0,7.1,14.2,covers,7,False
Sydney,BY VENUE,ENGIE Stadium,66.7,50.0,16.7,33.4,covers,3,True
Sydney,BY VENUE,GMHBA Stadium,,50.0,,,,,
Sydney,BY VENUE,Gabba,100.0,50.0,50.0,100.0,covers,3,True
Sydney,BY VENUE,MCG,42.9,50.0,-7.1,14.2,fades,14,False
Sydney,BY VENUE,Marvel Stadium,25.0,50.0,-25.0,50.0,fades,12,True
Sydney,BY VENUE,Optus Stadium,100.0,50.0,50.0,100.0,covers,6,True
Sydney,BY VENUE,People First Stadium,,50.0,,,,,
Sydney,BY VENUE,SCG,53.2,50.0,3.2,6.4,covers,47,False
Sydney,BY VENUE,UTAS Stadium,,50.0,,,,,
West Coast,OVERALL,Cover Rate — All Games,41.8,50.0,-8.2,16.4,fades,91,True
West Coast,OVERALL,Cover Rate — Home,37.8,50.0,-12.2,24.4,fades,45,True
West Coast,OVERALL,Cover Rate — Away,45.7,50.0,-4.3,8.6,fades,46,False
West Coast,OVERALL,Finals Games,,50.0,,,,,
West Coast,FAVOURITE vs UNDERDOG,As Favourite (line < 0),0.0,50.0,-50.0,100.0,fades,4,True
West Coast,FAVOURITE vs UNDERDOG,As Underdog  (line > 0),43.7,50.0,-6.3,12.6,fades,87,False
West Coast,FAVOURITE vs UNDERDOG,Heavy Fav (line ≤ -18.5),,50.0,,,,,
West Coast,FAVOURITE vs UNDERDOG,Slight Fav (line -1 to -18),0.0,50.0,-50.0,100.0,fades,3,True
West Coast,FAVOURITE vs UNDERDOG,Slight Dog (line +1 to +18),42.1,50.0,-7.9,15.8,fades,19,True
West Coast,FAVOURITE vs UNDERDOG,Big Dog    (line ≥ +18.5),44.1,50.0,-5.9,11.8,fades,68,False
West Coast,TIME OF DAY,Night Games (kick-off ≥ 18:00),50.0,50.0,0.0,0.0,fades,14,False
West Coast,TIME OF DAY,Day Games (kick-off < 18:00),40.3,50.0,-9.7,19.4,fades,77,True
West Coast,DAY OF WEEK,Thursday / Friday Games,42.9,50.0,-7.1,14.2,fades,7,False
West Coast,DAY OF WEEK,Saturday Games,37.8,50.0,-12.2,24.4,fades,37,True
West Coast,DAY OF WEEK,Sunday Games,44.7,50.0,-5.3,10.6,fades,47,False
West Coast,FORM,After a Win,36.4,50.0,-13.6,27.2,fades,11,True
West Coast,FORM,After a Loss,43.0,50.0,-7.0,14.0,fades,79,False
West Coast,REST,Short Rest (≤ 6 days),42.3,50.0,-7.7,15.4,fades,26,True
West Coast,REST,Normal Rest (7–9 days),42.1,50.0,-7.9,15.8,fades,57,True
West Coast,REST,Long Rest / Bye (≥ 10 days),42.9,50.0,-7.1,14.2,fades,7,False
West Coast,MOON PHASE,New Moon (±1 day),40.0,50.0,-10.0,20.0,fades,5,True
West Coast,MOON PHASE,Full Moon (±1 day),38.5,50.0,-11.5,23.0,fades,13,True
West Coast,BY MONTH,March,30.0,50.0,-20.0,40.0,fades,10,True
West Coast,BY MONTH,April,44.4,50.0,-5.6,11.2,fades,18,False
West Coast,BY MONTH,May,25.0,50.0,-25.0,50.0,fades,16,True
West Coast,BY MONTH,June,42.9,50.0,-7.1,14.2,fades,14,False
West Coast,BY MONTH,July,61.1,50.0,11.1,22.2,covers,18,True
West Coast,BY MONTH,August,40.0,50.0,-10.0,20.0,fades,15,True
West Coast,BY MONTH,September,,50.0,,,,,
West Coast,BY MONTH,October,,50.0,,,,,
West Coast,HEAD TO HEAD vs OPPONENT,vs Adelaide,28.6,50.0,-21.4,42.8,fades,7,True
West Coast,HEAD TO HEAD vs OPPONENT,vs Brisbane,75.0,50.0,25.0,50.0,covers,4,True
West Coast,HEAD TO HEAD vs OPPONENT,vs Carlton,0.0,50.0,-50.0,100.0,fades,6,True
West Coast,HEAD TO HEAD vs OPPONENT,vs Collingwood,50.0,50.0,0.0,0.0,fades,4,False
West Coast,HEAD TO HEAD vs OPPONENT,vs Essendon,83.3,50.0,33.3,66.6,covers,6,True
West Coast,HEAD TO HEAD vs OPPONENT,vs Fremantle,50.0,50.0,0.0,0.0,fades,8,False
West Coast,HEAD TO HEAD vs OPPONENT,vs GWS Giants,20.0,50.0,-30.0,60.0,fades,5,True
West Coast,HEAD TO HEAD vs OPPONENT,vs Geelong,60.0,50.0,10.0,20.0,covers,5,True
West Coast,HEAD TO HEAD vs OPPONENT,vs Gold Coast,33.3,50.0,-16.7,33.4,fades,6,True
West Coast,HEAD TO HEAD vs OPPONENT,vs Hawthorn,50.0,50.0,0.0,0.0,fades,4,False
West Coast,HEAD TO HEAD vs OPPONENT,vs Melbourne,16.7,50.0,-33.3,66.6,fades,6,True
West Coast,HEAD TO HEAD vs OPPONENT,vs North Melbourne,50.0,50.0,0.0,0.0,fades,6,False
West Coast,HEAD TO HEAD vs OPPONENT,vs Port Adelaide,50.0,50.0,0.0,0.0,fades,4,False
West Coast,HEAD TO HEAD vs OPPONENT,vs Richmond,57.1,50.0,7.1,14.2,covers,7,False
West Coast,HEAD TO HEAD vs OPPONENT,vs St Kilda,40.0,50.0,-10.0,20.0,fades,5,True
West Coast,HEAD TO HEAD vs OPPONENT,vs Sydney,25.0,50.0,-25.0,50.0,fades,4,True
West Coast,HEAD TO HEAD vs OPPONENT,vs Western Bulldogs,25.0,50.0,-25.0,50.0,fades,4,True
West Coast,BY VENUE,Adelaide Hills,,50.0,,,,,
West Coast,BY VENUE,Adelaide Oval,40.0,50.0,-10.0,20.0,fades,10,True
West Coast,BY VENUE,ENGIE Stadium,,50.0,,,,,
West Coast,BY VENUE,GMHBA Stadium,,50.0,,,,,
West Coast,BY VENUE,Gabba,66.7,50.0,16.7,33.4,covers,3,True
West Coast,BY VENUE,Hands Oval,,50.0,,,,,
West Coast,BY VENUE,MCG,60.0,50.0,10.0,20.0,covers,5,True
West Coast,BY VENUE,Marvel Stadium,50.0,50.0,0.0,0.0,fades,14,False
West Coast,BY VENUE,Ninja Stadium,,50.0,,,,,
West Coast,BY VENUE,Optus Stadium,39.6,50.0,-10.4,20.8,fades,48,True
West Coast,BY VENUE,People First Stadium,,50.0,,,,,
West Coast,BY VENUE,SCG,,50.0,,,,,
West Coast,BY VENUE,UTAS Stadium,,50.0,,,,,
Western Bulldogs,OVERALL,Cover Rate — All Games,49.5,50.0,-0.5,1.0,fades,93,False
Western Bulldogs,OVERALL,Cover Rate — Home,53.2,50.0,3.2,6.4,covers,47,False
Western Bulldogs,OVERALL,Cover Rate — Away,45.7,50.0,-4.3,8.6,fades,46,False
Western Bulldogs,OVERALL,Finals Games,,50.0,,,,,
Western Bulldogs,FAVOURITE vs UNDERDOG,As Favourite (line < 0),54.0,50.0,4.0,8.0,covers,63,False
Western Bulldogs,FAVOURITE vs UNDERDOG,As Underdog  (line > 0),40.0,50.0,-10.0,20.0,fades,30,True
Western Bulldogs,FAVOURITE vs UNDERDOG,Heavy Fav (line ≤ -18.5),53.8,50.0,3.8,7.6,covers,26,False
Western Bulldogs,FAVOURITE vs UNDERDOG,Slight Fav (line -1 to -18),54.1,50.0,4.1,8.2,covers,37,False
Western Bulldogs,FAVOURITE vs UNDERDOG,Slight Dog (line +1 to +18),41.4,50.0,-8.6,17.2,fades,29,True
Western Bulldogs,FAVOURITE vs UNDERDOG,Big Dog    (line ≥ +18.5),,50.0,,,,,
Western Bulldogs,TIME OF DAY,Night Games (kick-off ≥ 18:00),47.3,50.0,-2.7,5.4,fades,55,False
Western Bulldogs,TIME OF DAY,Day Games (kick-off < 18:00),52.6,50.0,2.6,5.2,covers,38,False
Western Bulldogs,DAY OF WEEK,Thursday / Friday Games,52.9,50.0,2.9,5.8,covers,34,False
Western Bulldogs,DAY OF WEEK,Saturday Games,46.2,50.0,-3.8,7.6,fades,39,False
Western Bulldogs,DAY OF WEEK,Sunday Games,52.6,50.0,2.6,5.2,covers,19,False
Western Bulldogs,FORM,After a Win,42.3,50.0,-7.7,15.4,fades,52,True
Western Bulldogs,FORM,After a Loss,60.0,50.0,10.0,20.0,covers,40,True
Western Bulldogs,REST,Short Rest (≤ 6 days),50.0,50.0,0.0,0.0,fades,26,False
Western Bulldogs,REST,Normal Rest (7–9 days),54.5,50.0,4.5,9.0,covers,55,False
Western Bulldogs,REST,Long Rest / Bye (≥ 10 days),27.3,50.0,-22.7,45.4,fades,11,True
Western Bulldogs,MOON PHASE,New Moon (±1 day),58.3,50.0,8.3,16.6,covers,12,True
Western Bulldogs,MOON PHASE,Full Moon (±1 day),41.7,50.0,-8.3,16.6,fades,12,True
Western Bulldogs,BY MONTH,March,50.0,50.0,0.0,0.0,fades,12,False
Western Bulldogs,BY MONTH,April,46.7,50.0,-3.3,6.6,fades,15,False
Western Bulldogs,BY MONTH,May,61.1,50.0,11.1,22.2,covers,18,True
Western Bulldogs,BY MONTH,June,35.7,50.0,-14.3,28.6,fades,14,True
Western Bulldogs,BY MONTH,July,55.6,50.0,5.6,11.2,covers,18,False
Western Bulldogs,BY MONTH,August,50.0,50.0,0.0,0.0,fades,14,False
Western Bulldogs,BY MONTH,September,,50.0,,,,,
Western Bulldogs,BY MONTH,October,,50.0,,,,,
Western Bulldogs,HEAD TO HEAD vs OPPONENT,vs Adelaide,25.0,50.0,-25.0,50.0,fades,4,True
Western Bulldogs,HEAD TO HEAD vs OPPONENT,vs Brisbane,20.0,50.0,-30.0,60.0,fades,5,True
Western Bulldogs,HEAD TO HEAD vs OPPONENT,vs Carlton,75.0,50.0,25.0,50.0,covers,4,True
Western Bulldogs,HEAD TO HEAD vs OPPONENT,vs Collingwood,75.0,50.0,25.0,50.0,covers,4,True
Western Bulldogs,HEAD TO HEAD vs OPPONENT,vs Essendon,80.0,50.0,30.0,60.0,covers,5,True
Western Bulldogs,HEAD TO HEAD vs OPPONENT,vs Fremantle,37.5,50.0,-12.5,25.0,fades,8,True
Western Bulldogs,HEAD TO HEAD vs OPPONENT,vs GWS Giants,62.5,50.0,12.5,25.0,covers,8,True
Western Bulldogs,HEAD TO HEAD vs OPPONENT,vs Geelong,28.6,50.0,-21.4,42.8,fades,7,True
Western Bulldogs,HEAD TO HEAD vs OPPONENT,vs Gold Coast,50.0,50.0,0.0,0.0,fades,4,False
Western Bulldogs,HEAD TO HEAD vs OPPONENT,vs Hawthorn,42.9,50.0,-7.1,14.2,fades,7,False
Western Bulldogs,HEAD TO HEAD vs OPPONENT,vs Melbourne,33.3,50.0,-16.7,33.4,fades,6,True
Western Bulldogs,HEAD TO HEAD vs OPPONENT,vs North Melbourne,33.3,50.0,-16.7,33.4,fades,6,True
Western Bulldogs,HEAD TO HEAD vs OPPONENT,vs Port Adelaide,20.0,50.0,-30.0,60.0,fades,5,True
Western Bulldogs,HEAD TO HEAD vs OPPONENT,vs Richmond,80.0,50.0,30.0,60.0,covers,5,True
Western Bulldogs,HEAD TO HEAD vs OPPONENT,vs St Kilda,80.0,50.0,30.0,60.0,covers,5,True
Western Bulldogs,HEAD TO HEAD vs OPPONENT,vs Sydney,50.0,50.0,0.0,0.0,fades,6,False
Western Bulldogs,HEAD TO HEAD vs OPPONENT,vs West Coast,75.0,50.0,25.0,50.0,covers,4,True
Western Bulldogs,BY VENUE,Adelaide Oval,0.0,50.0,-50.0,100.0,fades,5,True
Western Bulldogs,BY VENUE,ENGIE Stadium,,50.0,,,,,
Western Bulldogs,BY VENUE,GMHBA Stadium,50.0,50.0,0.0,0.0,fades,4,False
Western Bulldogs,BY VENUE,Gabba,,50.0,,,,,
Western Bulldogs,BY VENUE,MCG,33.3,50.0,-16.7,33.4,fades,9,True
Western Bulldogs,BY VENUE,Manuka Oval,,50.0,,,,,
Western Bulldogs,BY VENUE,Mars Stadium,71.4,50.0,21.4,42.8,covers,7,True
Western Bulldogs,BY VENUE,Marvel Stadium,58.3,50.0,8.3,16.6,covers,48,True
Western Bulldogs,BY VENUE,Norwood Oval,,50.0,,,,,
Western Bulldogs,BY VENUE,Optus Stadium,40.0,50.0,-10.0,20.0,fades,5,True
Western Bulldogs,BY VENUE,SCG,50.0,50.0,0.0,0.0,fades,4,False
Western Bulldogs,BY VENUE,TIO Stadium,,50.0,,,,,
Western Bulldogs,BY VENUE,UTAS Stadium,,50.0,,,,,
