referee,ref_total_diff,ref_penalty_rate,ref_home_bias,ref_home_win_pct
Shayne Hayne,-8.667,18.0,4.0,1
Tony De Las Heras,-4.667,17.0,5.0,1
Ashley Klein,2.333,17.0,3.0,1
Jason Robinson,-13.667,16.0,2.0,1
Ben Cummins,4.333,16.0,4.0,1
Matt Cecchin,12.333,18.0,0.0,1
Steve Lyons,22.333,12.0,2.0,0
Jared Maxwell,18.333,14.0,-2.0,1
Shayne Hayne,-19.667,11.0,1.0,0
Tony De Las Heras,-11.667,18.0,-2.0,1
Ashley Klein,-15.667,16.0,4.0,1
Matt Cecchin,12.333,12.0,2.0,0
Jason Robinson,14.333,15.0,-1.0,1
Jared Maxwell,-9.667,12.0,6.0,0
Shayne Hayne,8.333,19.0,1.0,0
Ben Cummins,-5.667,17.0,1.0,0
Tony Archer,22.333,10.0,0.0,1
Jared Maxwell,-9.667,14.0,0.0,1
Matt Cecchin,-5.667,16.0,2.0,0
Steve Lyons,-7.667,8.0,0.0,1
Shayne Hayne,-3.667,14.0,0.0,0
Ashley Klein,-7.667,17.0,1.0,1
Gavin Badger,-25.667,8.0,0.0,1
Ben Cummins,-19.667,15.0,1.0,0
Matt Cecchin,-4.667,13.0,3.0,0
Tony Archer,-11.667,14.0,-2.0,1
Ben Cummins,22.333,11.0,7.0,1
Ashley Klein,-17.667,14.0,0.0,0
Gavin Badger,-3.667,11.0,3.0,0
Jason Robinson,-5.667,11.0,-1.0,1
Jared Maxwell,-3.667,15.0,1.0,1
Tony Archer,-0.667,13.0,5.0,1
Matt Cecchin,10.333,9.0,-1.0,0
Ashley Klein,-11.667,18.0,4.0,0
Ben Cummins,-3.667,9.0,3.0,0
Tony Archer,-11.667,13.0,3.0,1
Jared Maxwell,-17.667,14.0,4.0,0
Steve Lyons,4.333,9.0,-3.0,1
Shayne Hayne,-8.667,19.0,1.0,1
Ashley Klein,-15.667,12.0,-4.0,1
Shayne Hayne,14.333,12.0,-2.0,0
Tony Archer,-15.667,11.0,-1.0,1
Jason Robinson,0.333,15.0,1.0,0
Matt Cecchin,-9.667,9.0,3.0,0
Ben Cummins,-8.667,13.0,7.0,1
Ashley Klein,2.333,13.0,-1.0,0
Gavin Badger,24.333,11.0,5.0,0
Tony Archer,-19.667,8.0,0.0,1
Jared Maxwell,6.333,14.0,0.0,1
Ben Cummins,16.333,11.0,-1.0,1
Shayne Hayne,-12.667,16.0,0.0,0
Tony Archer,-13.667,11.0,-1.0,0
Steve Lyons,-3.667,14.0,0.0,1
Ashley Klein,8.333,13.0,5.0,0
Jason Robinson,8.333,12.0,-2.0,1
Ben Cummins,12.333,16.0,0.0,1
Shayne Hayne,-11.667,17.0,1.0,0
Jason Robinson,4.333,16.0,0.0,1
Ashley Klein,-5.667,14.0,-2.0,1
Matt Cecchin,-10.667,17.0,1.0,0
Tony Archer,-1.667,15.0,1.0,1
Steve Lyons,-13.667,16.0,6.0,0
Jason Robinson,-18.667,19.0,1.0,1
Shayne Hayne,0.333,10.0,-2.0,1
Ashley Klein,2.333,22.0,-4.0,1
Steve Lyons,-0.667,16.0,4.0,1
Tony Archer,0.333,10.0,-2.0,0
Jason Robinson,-1.667,17.0,-3.0,0
Shayne Hayne,8.333,14.0,-2.0,1
Tony Archer,-3.667,15.0,-1.0,1
Steve Lyons,2.333,14.0,-6.0,0
Jared Maxwell,6.333,13.0,-1.0,1
Ben Cummins,4.333,16.0,4.0,0
Gavin Badger,2.333,13.0,1.0,1
Jason Robinson,3.333,14.0,-2.0,0
Tony Archer,10.333,13.0,3.0,1
Gavin Badger,-9.667,14.0,4.0,0
Ben Cummins,-3.667,18.0,0.0,0
Jason Robinson,-11.667,15.0,-1.0,0
Steve Lyons,12.333,11.0,-1.0,1
Shayne Hayne,-5.667,12.0,0.0,1
Jared Maxwell,8.333,12.0,2.0,1
Tony Archer,-6.667,11.0,-1.0,1
Ben Cummins,4.333,13.0,-3.0,1
Steve Lyons,6.333,10.0,4.0,1
Ben Cummins,-18.667,11.0,-1.0,0
Gavin Badger,-27.667,11.0,1.0,1
Jason Robinson,-5.667,11.0,-1.0,1
Steve Lyons,10.333,10.0,4.0,0
Jason Robinson,-5.667,7.0,1.0,0
Gavin Badger,10.333,6.0,0.0,1
Steve Lyons,14.333,11.0,3.0,1
Shayne Hayne,16.333,10.0,4.0,1
Tony Archer,-13.667,9.0,-1.0,1
Gavin Badger,-3.667,10.0,0.0,0
Ben Cummins,10.333,13.0,-1.0,1
Steve Lyons,-28.667,7.0,-1.0,1
Tony Archer,24.333,8.0,4.0,0
Ben Cummins,2.333,11.0,-1.0,0
Jason Robinson,-15.667,10.0,-2.0,0
Ashley Klein,8.333,7.0,-1.0,0
Shayne Hayne,4.333,13.0,1.0,0
Tony Archer,8.333,9.0,1.0,1
Ben Cummins,-12.667,14.0,4.0,0
Matt Cecchin,-10.667,10.0,4.0,1
Jason Robinson,4.333,12.0,4.0,1
Steve Lyons,-15.667,13.0,1.0,1
Jared Maxwell,-7.667,10.0,2.0,1
Gavin Badger,16.333,14.0,2.0,1
Jason Robinson,-10.667,11.0,3.0,0
Jared Maxwell,6.333,8.0,4.0,1
Ben Cummins,-1.667,14.0,-2.0,1
Ashley Klein,-10.667,8.0,-4.0,1
Gavin Badger,0.333,8.0,6.0,1
Tony Archer,-6.667,4.0,0.0,1
Shayne Hayne,3.333,8.0,0.0,1
Jared Maxwell,0.333,13.0,1.0,1
Tony Archer,4.333,10.0,0.0,1
Steve Lyons,32.333,10.0,4.0,0
Matt Cecchin,-9.667,8.0,0.0,1
Ben Cummins,-13.667,13.0,-3.0,1
Gavin Badger,20.333,8.0,-2.0,1
Jason Robinson,30.333,7.0,1.0,1
Tony Archer,-10.667,10.0,2.0,1
Tony De Las Heras,6.333,10.0,4.0,1
Jared Maxwell,-14.667,5.0,-1.0,1
Gavin Badger,24.333,5.0,1.0,1
Jason Robinson,-9.667,13.0,5.0,0
Matt Cecchin,-11.667,7.0,-3.0,1
Gavin Badger,14.333,12.0,-2.0,0
Ben Cummins,-2.667,9.0,-5.0,1
Jason Robinson,-0.667,11.0,-3.0,1
Steve Lyons,16.333,13.0,-1.0,0
Ben Cummins,12.333,9.0,-1.0,0
Matt Cecchin,6.333,12.0,2.0,1
Ashley Klein,-7.667,15.0,-3.0,1
Tony Archer,22.333,12.0,-2.0,1
Jared Maxwell,10.333,12.0,0.0,1
Steve Lyons,-6.667,9.0,-1.0,0
Matt Cecchin,6.333,13.0,5.0,0
Ben Cummins,-1.667,15.0,-1.0,1
Tony Archer,-12.667,13.0,3.0,0
Gavin Badger,-8.667,9.0,-1.0,0
Jason Robinson,18.333,8.0,2.0,1
Matt Cecchin,-3.667,9.0,3.0,1
Tony Archer,10.333,10.0,0.0,0
Jason Robinson,14.333,8.0,2.0,1
Ben Cummins,6.333,13.0,3.0,0
Steve Lyons,22.333,17.0,1.0,0
Jared Maxwell,-11.667,10.0,-2.0,0
Gavin Badger,2.333,7.0,1.0,0
Matt Cecchin,-4.667,9.0,-1.0,1
Gavin Badger,-10.667,7.0,3.0,0
Tony Archer,-13.667,10.0,0.0,1
Ben Cummins,16.333,15.0,-3.0,0
Jared Maxwell,1.333,11.0,-1.0,1
Gavin Badger,-14.667,16.0,-2.0,0
Steve Lyons,-1.667,14.0,4.0,0
Matt Cecchin,6.333,13.0,3.0,1
Ben Cummins,-1.667,13.0,-3.0,1
Shayne Hayne,-7.667,11.0,-3.0,0
Tony Archer,-5.667,11.0,3.0,0
Jared Maxwell,14.333,7.0,-1.0,0
Ben Cummins,-5.667,16.0,2.0,1
Gavin Badger,2.333,7.0,1.0,1
Steve Lyons,24.333,9.0,5.0,0
Matt Cecchin,40.333,11.0,1.0,1
Jason Robinson,-1.667,9.0,-1.0,1
Shayne Hayne,-27.667,12.0,4.0,0
Tony Archer,2.333,8.0,-2.0,0
Jason Robinson,16.333,12.0,0.0,1
Gavin Badger,8.333,5.0,1.0,1
Matt Cecchin,12.333,10.0,2.0,1
Steve Lyons,-11.667,12.0,0.0,1
Tony Archer,-5.667,7.0,1.0,0
Jared Maxwell,-9.667,10.0,2.0,1
Shayne Hayne,12.333,9.0,3.0,1
Matt Cecchin,-15.667,13.0,-3.0,0
Tony Archer,18.333,6.0,-2.0,1
Jared Maxwell,0.333,9.0,3.0,1
Steve Lyons,5.333,13.0,5.0,1
Jason Robinson,-7.667,16.0,0.0,1
Gavin Badger,18.333,7.0,-1.0,1
Matt Cecchin,2.333,16.0,0.0,1
Steve Lyons,4.333,10.0,4.0,1
Tony Archer,-4.667,11.0,5.0,1
Ashley Klein,-11.667,7.0,1.0,0
Shayne Hayne,0.333,15.0,-3.0,1
Matt Cecchin,8.333,11.0,1.0,0
Steve Lyons,6.333,11.0,-1.0,0
Gavin Badger,-6.667,11.0,-1.0,1
Jason Robinson,-9.667,12.0,2.0,1
Shayne Hayne,10.333,12.0,-2.0,1
Ashley Klein,30.333,10.0,0.0,0
Tony Archer,-3.667,12.0,4.0,1
Matt Cecchin,-4.667,19.0,1.0,0
Shayne Hayne,-12.667,11.0,3.0,1
Tony Archer,-7.667,9.0,1.0,1
Tony Archer,-7.667,7.0,1.0,0
Shayne Hayne,8.333,13.0,3.0,1
Tony Archer,-2.667,8.0,-2.0,1
Tony Archer,-12.184,8.0,0.0,0
Jared Maxwell,11.816,8.0,0.0,1
Jason Robinson,-6.184,11.0,3.0,0
Steve Lyons,7.816,11.0,-1.0,1
Ben Cummins,-18.184,20.0,0.0,0
Matt Cecchin,-0.184,15.0,1.0,1
Ashley Klein,3.816,12.0,2.0,0
Gavin Badger,5.816,19.0,-1.0,1
Tony Archer,-10.184,12.0,6.0,1
Ashley Klein,-5.184,21.0,1.0,0
Jason Robinson,3.816,16.0,-4.0,1
Steve Lyons,-8.184,17.0,1.0,0
Ben Cummins,5.816,17.0,1.0,1
Shayne Hayne,1.816,15.0,3.0,1
Jared Maxwell,33.816,9.0,-1.0,1
Gavin Badger,-6.184,10.0,-4.0,1
Tony Archer,-7.184,12.0,-2.0,1
Jared Maxwell,-1.184,13.0,-1.0,1
Gavin Badger,-16.184,11.0,3.0,0
Ashley Klein,5.816,15.0,1.0,1
Ben Cummins,-14.184,12.0,-4.0,1
Steve Lyons,21.816,9.0,-1.0,0
Jason Robinson,31.816,8.0,2.0,1
Shayne Hayne,-4.184,18.0,2.0,0
Jared Maxwell,-21.184,13.0,3.0,1
Tony Archer,-11.184,12.0,2.0,1
Ashley Klein,-31.184,15.0,5.0,1
Steve Lyons,7.816,11.0,-3.0,1
Ben Cummins,-22.184,17.0,-1.0,0
Shayne Hayne,14.816,15.0,-1.0,0
Jason Robinson,21.816,10.0,2.0,0
Gavin Badger,11.816,11.0,1.0,1
Matt Cecchin,7.816,14.0,0.0,1
Ben Cummins,-6.184,14.0,2.0,1
Steve Lyons,-4.184,11.0,5.0,1
Jason Robinson,11.816,9.0,3.0,0
Gavin Badger,-3.184,16.0,4.0,0
Tony Archer,9.816,17.0,-1.0,1
Jared Maxwell,-8.184,10.0,2.0,1
Ben Cummins,-4.184,14.0,0.0,0
Jared Maxwell,-14.184,9.0,1.0,0
Tony Archer,-17.184,12.0,-4.0,0
Ashley Klein,11.816,12.0,0.0,1
Matt Cecchin,-0.184,17.0,-1.0,1
Gavin Badger,9.816,12.0,2.0,0
Jason Robinson,17.816,14.0,2.0,1
Ben Cummins,-12.184,21.0,-1.0,1
Tony Archer,-8.184,15.0,3.0,0
Gavin Badger,11.816,10.0,2.0,1
Jason Robinson,-0.184,5.0,1.0,0
Shayne Hayne,1.816,13.0,-1.0,1
Ashley Klein,-10.184,12.0,0.0,1
Matt Cecchin,7.816,7.0,-1.0,0
Tony Archer,-8.184,14.0,2.0,1
Gavin Badger,3.816,17.0,1.0,1
Jared Maxwell,3.816,8.0,4.0,0
Tony Archer,-6.184,10.0,-2.0,1
Matt Cecchin,9.816,9.0,3.0,0
Ben Cummins,-3.184,10.0,6.0,0
Jared Maxwell,19.816,9.0,5.0,1
Gavin Badger,-2.184,6.0,2.0,0
Jason Robinson,-4.184,10.0,6.0,1
Matt Cecchin,-22.184,13.0,3.0,0
Tony Archer,9.816,12.0,2.0,0
Shayne Hayne,-12.184,12.0,0.0,1
Ben Cummins,31.816,9.0,1.0,0
Tony Archer,7.816,9.0,3.0,0
Jason Robinson,3.816,6.0,0.0,0
Tony Archer,-17.184,8.0,0.0,0
Matt Cecchin,-8.184,11.0,1.0,1
Ashley Klein,-6.184,15.0,-5.0,1
Gavin Badger,9.816,7.0,-3.0,0
Ben Cummins,-19.184,8.0,4.0,0
Steve Lyons,17.816,9.0,5.0,0
Jason Robinson,5.816,14.0,4.0,0
Matt Cecchin,-11.184,12.0,2.0,0
Jason Robinson,-13.184,14.0,-4.0,0
Jared Maxwell,-2.184,8.0,-2.0,0
Gavin Badger,7.816,6.0,2.0,1
Steve Lyons,-6.184,10.0,4.0,0
Matt Cecchin,4.816,5.0,-3.0,1
Ben Cummins,-12.184,13.0,3.0,1
Steve Lyons,13.816,7.0,-1.0,1
Gavin Badger,-18.184,7.0,-1.0,0
Jason Robinson,1.816,7.0,-1.0,0
Shayne Hayne,-7.184,11.0,3.0,1
Tony Archer,21.816,7.0,3.0,1
Steve Lyons,3.816,13.0,1.0,0
Tony Archer,-8.184,10.0,0.0,1
Shayne Hayne,-11.184,7.0,-1.0,0
Jason Robinson,-4.184,12.0,2.0,1
Tony De Las Heras,17.816,10.0,0.0,0
Ashley Klein,-0.184,12.0,-4.0,0
Gavin Badger,9.816,7.0,3.0,1
Jared Maxwell,-14.184,4.0,0.0,0
Matt Cecchin,-6.184,7.0,1.0,1
Gavin Badger,-0.184,11.0,1.0,1
Matt Cecchin,-18.184,10.0,4.0,1
Steve Lyons,13.816,11.0,1.0,0
Jared Maxwell,29.816,7.0,-1.0,1
Ashley Klein,1.816,12.0,2.0,0
Gavin Badger,-8.184,11.0,5.0,0
Steve Lyons,6.816,6.0,0.0,0
Ben Cummins,27.816,10.0,4.0,1
Shayne Hayne,8.816,10.0,-2.0,1
Tony Archer,-16.184,8.0,4.0,0
Ashley Klein,-16.184,9.0,1.0,1
Matt Cecchin,-32.184,11.0,1.0,1
Shayne Hayne,1.816,10.0,0.0,1
Tony Archer,19.816,11.0,-1.0,1
Jared Maxwell,-26.184,7.0,-1.0,0
Gavin Badger,-3.184,7.0,1.0,0
Matt Cecchin,-12.184,4.0,0.0,1
Ben Cummins,-4.184,5.0,1.0,0
Steve Lyons,-2.184,6.0,2.0,0
Shayne Hayne,-14.184,11.0,3.0,0
Matt Cecchin,-12.184,8.0,4.0,0
Jason Robinson,-6.184,9.0,5.0,0
Tony De Las Heras,-8.184,6.0,4.0,0
Gavin Badger,-1.184,5.0,-1.0,1
Jared Maxwell,-22.184,15.0,3.0,0
Gavin Badger,-13.184,11.0,5.0,1
Jason Robinson,-10.184,11.0,1.0,1
Ben Cummins,3.816,10.0,2.0,0
Matt Cecchin,-4.184,12.0,-2.0,1
Tony Archer,-11.184,17.0,3.0,1
Shayne Hayne,-24.184,14.0,8.0,0
Ashley Klein,17.816,14.0,2.0,1
Matt Cecchin,-8.184,10.0,2.0,0
Shayne Hayne,-13.184,8.0,-2.0,0
Steve Lyons,-23.184,13.0,3.0,1
Ben Cummins,19.816,9.0,-3.0,0
Jared Maxwell,23.816,15.0,3.0,0
Jason Robinson,27.816,13.0,5.0,1
Gavin Badger,25.816,9.0,-5.0,1
Matt Cecchin,-0.184,11.0,7.0,1
Tony Archer,5.816,8.0,-2.0,0
Tony De Las Heras,-21.184,12.0,4.0,0
Matt Cecchin,-9.184,14.0,2.0,1
Jason Robinson,-14.184,13.0,1.0,1
Steve Lyons,9.816,11.0,-3.0,1
Gavin Badger,23.816,10.0,2.0,1
Shayne Hayne,15.816,14.0,-4.0,1
Tony Archer,21.816,11.0,5.0,0
Matt Cecchin,1.816,12.0,-2.0,1
Steve Lyons,-2.184,15.0,3.0,1
Shayne Hayne,17.816,16.0,6.0,0
Jason Robinson,3.816,20.0,4.0,1
Tony Archer,5.816,8.0,0.0,0
Ben Cummins,5.816,12.0,4.0,1
Gavin Badger,-26.184,13.0,1.0,1
Matt Cecchin,3.816,13.0,1.0,1
Ben Cummins,17.816,8.0,-2.0,0
Gavin Badger,3.816,6.0,0.0,1
Matt Cecchin,-10.184,13.0,-1.0,1
Jason Robinson,21.816,18.0,0.0,1
Steve Lyons,4.816,12.0,4.0,0
Gavin Badger,-6.184,14.0,0.0,1
Tony Archer,-11.184,13.0,-1.0,0
Ben Cummins,13.816,10.0,2.0,1
Tony Archer,1.816,9.0,-1.0,0
Matt Cecchin,-12.184,18.0,6.0,1
Jason Robinson,12.816,13.0,1.0,1
Jared Maxwell,-0.184,11.0,1.0,0
Ben Cummins,-10.184,17.0,5.0,1
Steve Lyons,-8.184,9.0,-3.0,1
Tony Archer,18.816,11.0,3.0,1
Matt Cecchin,-0.184,8.0,0.0,1
Tony Archer,29.816,13.0,1.0,1
Gavin Badger,19.816,10.0,4.0,1
Steve Lyons,-7.184,15.0,5.0,1
Jason Robinson,-0.184,9.0,1.0,0
Luke Phillips,-14.184,15.0,1.0,1
Matt Cecchin,5.816,11.0,3.0,1
Shayne Hayne,-4.184,12.0,6.0,0
Steve Lyons,-5.184,8.0,2.0,0
Tony De Las Heras,-2.184,12.0,2.0,1
Matt Cecchin,-2.184,15.0,1.0,1
Jason Robinson,3.816,13.0,1.0,1
Shayne Hayne,1.816,13.0,3.0,0
Ashley Klein,9.816,12.0,2.0,1
Gavin Badger,-2.184,9.0,1.0,1
Tony Archer,1.816,11.0,-1.0,1
Steve Lyons,-0.184,18.0,-2.0,0
Tony Archer,-3.184,9.0,3.0,1
Jared Maxwell,-8.184,9.0,5.0,0
Matt Cecchin,-4.184,12.0,6.0,0
Steve Lyons,-16.184,13.0,5.0,0
Jason Robinson,19.816,10.0,-2.0,1
Ashley Klein,-4.184,16.0,2.0,1
Shayne Hayne,11.816,5.0,1.0,0
Ben Cummins,19.816,10.0,2.0,1
Tony Archer,1.816,6.0,2.0,1
Matt Cecchin,-8.184,8.0,-2.0,0
Steve Lyons,3.816,11.0,-1.0,0
Jason Robinson,-14.184,15.0,5.0,1
Tony Archer,7.816,11.0,1.0,0
Shayne Hayne,3.816,12.0,2.0,1
Tony Archer,-4.184,11.0,1.0,0
Shayne Hayne,-17.184,9.0,1.0,1
Tony Archer,-2.184,7.0,3.0,1
Tony Archer,29.97,15.0,-3.0,1
Shayne Hayne,-9.03,9.0,3.0,0
Steve Lyons,2.97,13.0,1.0,0
Matt Cecchin,-15.03,9.0,1.0,1
Jared Maxwell,1.97,7.0,-1.0,0
Ashley Klein,12.97,12.0,-4.0,1
Tony De Las Heras,10.97,16.0,0.0,0
Gavin Badger,-1.03,12.0,0.0,1
Shayne Hayne,-13.03,16.0,0.0,0
Matt Cecchin,-15.03,14.0,-2.0,0
Ashley Klein,12.97,17.0,-5.0,1
Tony Archer,-7.03,12.0,0.0,1
Jared Maxwell,16.97,12.0,4.0,0
Gavin Badger,7.97,9.0,1.0,0
Tony De Las Heras,3.97,12.0,0.0,0
Jason Robinson,-13.03,15.0,-1.0,1
Matt Cecchin,10.97,11.0,-1.0,0
Gavin Badger,-17.03,11.0,3.0,0
Jared Maxwell,16.97,14.0,-6.0,0
Jason Robinson,18.97,13.0,3.0,1
Tony De Las Heras,-2.03,9.0,5.0,0
Ashley Klein,4.97,18.0,2.0,1
Shayne Hayne,-1.03,17.0,-3.0,1
Tony Archer,0.97,13.0,1.0,1
Ashley Klein,22.97,8.0,2.0,1
Jason Robinson,-11.03,14.0,4.0,1
Matt Cecchin,5.97,9.0,3.0,0
Jared Maxwell,2.97,10.0,2.0,1
Gavin Badger,4.97,9.0,-1.0,0
Tony De Las Heras,-1.03,8.0,0.0,0
Tony Archer,-9.03,14.0,0.0,1
Shayne Hayne,6.97,10.0,0.0,1
Tony De Las Heras,-5.03,19.0,1.0,1
Ashley Klein,-3.03,13.0,3.0,1
Jason Robinson,-3.03,16.0,2.0,1
Matt Cecchin,-7.03,10.0,-2.0,0
Gavin Badger,6.97,16.0,0.0,1
Tony Archer,-1.03,9.0,1.0,1
Shayne Hayne,-8.03,7.0,1.0,1
Jared Maxwell,-16.03,14.0,2.0,1
Ashley Klein,8.97,9.0,1.0,0
Shayne Hayne,-5.03,18.0,2.0,1
Tony Archer,-9.03,14.0,0.0,1
Matt Cecchin,-9.03,9.0,-1.0,0
Steve Lyons,4.97,15.0,7.0,1
Jason Robinson,4.97,12.0,-6.0,1
Ben Cummins,-4.03,12.0,2.0,0
Jared Maxwell,-23.03,14.0,-2.0,0
Tony Archer,9.97,16.0,-2.0,0
Jason Robinson,-1.03,16.0,-2.0,1
Steve Lyons,2.97,9.0,5.0,0
Tony De Las Heras,20.97,7.0,-1.0,1
Ashley Klein,0.97,13.0,5.0,1
Matt Cecchin,-5.03,8.0,-2.0,0
Shayne Hayne,-7.03,13.0,3.0,0
Jared Maxwell,-5.03,8.0,2.0,0
Gavin Badger,-7.03,8.0,2.0,1
Tony Archer,3.97,6.0,0.0,1
Matt Cecchin,-2.03,13.0,-3.0,1
Jason Robinson,14.97,14.0,2.0,1
Shayne Hayne,2.97,9.0,3.0,1
Jared Maxwell,4.97,13.0,3.0,1
Ashley Klein,21.97,11.0,-1.0,0
Tony De Las Heras,-9.03,6.0,2.0,1
Shayne Hayne,11.97,10.0,4.0,0
Jason Robinson,8.97,8.0,4.0,0
Matt Cecchin,-9.03,5.0,1.0,1
Tony Archer,-19.03,9.0,1.0,1
Tony De Las Heras,-14.03,9.0,-5.0,0
Matt Cecchin,3.97,14.0,-4.0,1
Chris James,-7.03,11.0,1.0,0
Steve Lyons,7.97,9.0,1.0,1
Luke Phillips,26.97,6.0,0.0,1
Tony Archer,1.97,6.0,2.0,0
Shayne Hayne,-17.03,11.0,3.0,1
Gavin Badger,-11.03,11.0,-1.0,0
Shayne Hayne,-7.03,8.0,0.0,1
Ben Cummins,-1.03,14.0,2.0,1
Steve Lyons,-21.03,6.0,0.0,1
Matt Cecchin,-17.03,10.0,2.0,1
Jason Robinson,6.97,12.0,2.0,1
Ben Cummins,4.97,10.0,-4.0,1
Ashley Klein,-5.03,16.0,-2.0,1
Gavin Badger,-25.03,13.0,3.0,1
Jason Robinson,-13.03,12.0,2.0,1
Steve Lyons,-17.03,14.0,-2.0,1
Matt Cecchin,2.97,13.0,-3.0,1
Luke Phillips,-7.03,12.0,0.0,1
Ashley Klein,-11.03,7.0,5.0,0
Matt Cecchin,10.97,9.0,-1.0,0
Luke Phillips,-6.03,7.0,1.0,0
Shayne Hayne,2.97,7.0,-1.0,0
Jason Robinson,-20.03,16.0,0.0,1
Gavin Badger,24.97,9.0,-1.0,0
Ben Cummins,-17.03,7.0,5.0,0
Steve Lyons,-6.03,11.0,7.0,1
Tony Archer,2.97,7.0,-1.0,0
Jared Maxwell,-11.03,13.0,-3.0,1
Jason Robinson,9.97,9.0,3.0,1
Ashley Klein,8.97,10.0,0.0,0
Gavin Badger,-14.03,12.0,6.0,1
Jared Maxwell,-4.03,5.0,3.0,1
Jason Robinson,-0.03,14.0,0.0,1
Gavin Badger,-11.03,14.0,2.0,1
Matt Cecchin,0.97,8.0,0.0,1
Steve Lyons,-3.03,14.0,0.0,0
Ashley Klein,-23.03,18.0,4.0,0
Tony Archer,0.97,6.0,2.0,1
Steve Lyons,-11.03,10.0,6.0,1
Matt Cecchin,-17.03,13.0,3.0,0
Tony De Las Heras,8.97,16.0,-6.0,0
Jared Maxwell,-2.03,9.0,1.0,1
Tony Archer,-15.03,11.0,3.0,0
Ashley Klein,10.97,13.0,1.0,1
Ben Cummins,-11.03,7.0,3.0,1
Shayne Hayne,-9.03,15.0,3.0,1
Jared Maxwell,-11.03,7.0,3.0,0
Jason Robinson,-13.03,14.0,0.0,1
Steve Lyons,-9.03,13.0,1.0,1
Ben Cummins,-15.03,13.0,5.0,0
Henry Perenara,10.97,8.0,-2.0,0
Ben Cummins,-11.03,11.0,1.0,1
Gavin Badger,-11.03,11.0,-1.0,1
Jason Robinson,-1.03,6.0,0.0,1
Steve Lyons,6.97,10.0,4.0,0
Henry Perenara,20.97,15.0,1.0,1
Ashley Klein,18.97,13.0,3.0,1
Tony De Las Heras,-5.03,7.0,1.0,0
Gavin Badger,0.97,18.0,-6.0,1
Shayne Hayne,8.97,10.0,0.0,1
Phil Haines,1.97,10.0,4.0,1
Ben Cummins,16.97,6.0,-4.0,0
Jared Maxwell,5.97,12.0,-4.0,1
Matt Cecchin,-13.03,10.0,0.0,0
Tony Archer,2.97,9.0,-1.0,0
Steve Lyons,6.97,14.0,2.0,1
Alan Shortall,-24.03,14.0,2.0,1
Tony Archer,-7.03,6.0,2.0,1
Henry Perenara,8.97,7.0,1.0,0
Jason Robinson,-8.03,14.0,4.0,1
Gavin Badger,-21.03,16.0,2.0,0
Matt Cecchin,24.97,8.0,2.0,0
Shayne Hayne,-19.03,13.0,7.0,0
Phil Haines,3.97,10.0,-2.0,1
Jared Maxwell,22.97,9.0,1.0,1
Jason Robinson,-13.03,8.0,0.0,0
Ben Cummins,20.97,9.0,5.0,1
Tony Archer,8.97,10.0,2.0,1
Gavin Badger,30.97,9.0,3.0,1
Matt Cecchin,-0.03,8.0,-4.0,1
Shayne Hayne,18.97,5.0,3.0,0
Steve Lyons,0.97,15.0,7.0,0
Jared Maxwell,-19.03,16.0,2.0,1
Tony Archer,-9.03,7.0,1.0,1
Ben Cummins,-7.03,12.0,4.0,1
Gavin Badger,-3.03,13.0,7.0,0
Ashley Klein,1.97,8.0,2.0,1
Steve Lyons,8.97,9.0,1.0,1
Matt Cecchin,4.97,13.0,-1.0,1
Chris James,22.97,10.0,2.0,1
Ashley Klein,10.97,11.0,3.0,0
Matt Cecchin,10.97,12.0,0.0,0
Shayne Hayne,-7.03,13.0,-1.0,1
Tony Archer,6.97,9.0,3.0,0
Jason Robinson,16.97,13.0,3.0,0
Steve Lyons,25.97,7.0,1.0,0
Ben Cummins,-7.03,13.0,1.0,0
Jared Maxwell,-8.03,10.0,0.0,0
Tony Archer,-25.03,7.0,1.0,1
Ben Cummins,10.97,11.0,5.0,1
Tony De Las Heras,4.97,11.0,3.0,1
Gavin Badger,-1.03,10.0,0.0,0
Steve Lyons,21.97,16.0,-2.0,1
Jason Robinson,3.97,13.0,1.0,1
Jared Maxwell,3.97,12.0,2.0,1
Shayne Hayne,-7.03,13.0,-1.0,0
Shayne Hayne,-17.03,10.0,6.0,1
Jason Robinson,-14.03,9.0,1.0,0
Matt Cecchin,14.97,11.0,-1.0,1
Tony De Las Heras,8.97,10.0,4.0,1
Brett Suttor,-2.03,14.0,2.0,0
Ashley Klein,8.97,12.0,0.0,1
Tony Archer,-7.03,8.0,4.0,1
Steve Lyons,9.97,14.0,4.0,1
Matt Cecchin,24.97,4.0,0.0,1
Gavin Badger,4.97,10.0,-4.0,1
Tony Archer,-15.03,14.0,0.0,1
Ben Cummins,12.97,9.0,3.0,0
Chris James,4.97,10.0,0.0,0
Steve Lyons,18.97,8.0,2.0,1
Jared Maxwell,-11.03,13.0,5.0,1
Jason Robinson,8.97,17.0,3.0,1
Tony Archer,-6.03,7.0,-1.0,1
Shayne Hayne,10.97,8.0,2.0,1
Gavin Badger,10.97,14.0,2.0,1
Ashley Klein,-13.03,15.0,1.0,1
Shayne Hayne,2.97,13.0,5.0,0
Tony Archer,-14.03,8.0,4.0,1
Shayne Hayne,0.97,14.0,2.0,1
Tony Archer,-7.03,5.0,-3.0,0
Tony Archer,-5.03,6.0,0.0,1
Matt Cecchin,-11.95,7.0,1.0,0
Shayne Hayne,-16.95,15.0,-3.0,0
Gavin Badger,2.05,10.0,2.0,0
Jason Robinson,-4.95,18.0,2.0,0
Steve Lyons,-22.95,14.0,0.0,0
Tony Archer,5.05,15.0,3.0,0
Jared Maxwell,-7.95,12.0,-2.0,1
Gerard Sutton,3.05,13.0,3.0,0
Ben Cummins,-0.95,13.0,-1.0,1
Jason Robinson,13.05,13.0,-3.0,0
Steve Lyons,-4.95,13.0,1.0,0
Matt Cecchin,-6.95,14.0,0.0,1
Tony Archer,-16.95,7.0,3.0,0
Chris James,-22.95,12.0,0.0,0
Shayne Hayne,-6.95,10.0,-4.0,1
Gavin Badger,15.05,12.0,2.0,0
Tony Archer,7.05,12.0,6.0,1
Shayne Hayne,-6.95,9.0,-1.0,0
Jason Robinson,-4.95,14.0,0.0,0
Chris James,7.05,11.0,1.0,1
Matt Cecchin,9.05,10.0,2.0,0
Steve Lyons,-18.95,12.0,2.0,1
Gavin Badger,23.05,14.0,0.0,0
Ben Cummins,-9.95,8.0,0.0,1
Matt Cecchin,4.05,10.0,2.0,0
Ashley Klein,-8.95,13.0,1.0,0
Jared Maxwell,-8.95,11.0,-3.0,1
Shayne Hayne,-17.95,11.0,-1.0,1
Tony De Las Heras,-6.95,7.0,-1.0,0
Tony Archer,7.05,11.0,3.0,1
Ben Cummins,-14.95,11.0,3.0,0
Jason Robinson,5.05,11.0,-5.0,0
Matt Cecchin,15.05,10.0,-4.0,1
Ben Cummins,7.05,7.0,1.0,1
Henry Perenara,-11.95,10.0,-2.0,0
Jared Maxwell,8.05,9.0,3.0,1
Tony Archer,-6.95,12.0,-4.0,1
Gavin Badger,9.05,9.0,1.0,0
Shayne Hayne,-7.95,14.0,-4.0,0
Steve Lyons,-12.95,9.0,-1.0,0
Gavin Badger,-10.95,9.0,5.0,1
Steve Lyons,-8.95,7.0,5.0,0
Chris James,-10.95,11.0,3.0,0
Matt Cecchin,-28.95,11.0,-3.0,1
Shayne Hayne,3.05,2.0,0.0,1
Tony Archer,-20.95,10.0,2.0,1
Jared Maxwell,19.05,6.0,-4.0,0
Henry Perenara,-10.95,10.0,0.0,1
Jared Maxwell,-24.95,12.0,2.0,1
Gavin Badger,-4.95,9.0,1.0,1
Matt Cecchin,-22.95,10.0,0.0,1
Jason Robinson,-0.95,17.0,-1.0,0
Ashley Klein,21.05,8.0,-2.0,0
Shayne Hayne,25.05,9.0,-1.0,1
Henry Perenara,1.05,12.0,4.0,1
Tony Archer,-10.95,5.0,-1.0,0
Matt Cecchin,11.05,11.0,1.0,1
Tony Archer,5.05,11.0,3.0,1
Shayne Hayne,-18.95,8.0,0.0,0
Jared Maxwell,-8.95,10.0,2.0,1
Henry Perenara,-4.95,11.0,-5.0,1
Jason Robinson,25.05,7.0,-1.0,0
Ashley Klein,20.05,10.0,-4.0,0
Alan Shortall,7.05,11.0,1.0,1
Ashley Klein,17.05,14.0,0.0,0
Tony Archer,-4.95,10.0,0.0,1
Jason Robinson,9.05,7.0,-1.0,1
Alan Shortall,-11.95,11.0,1.0,0
Henry Perenara,13.05,8.0,0.0,0
Tony De Las Heras,-10.95,11.0,5.0,1
Shayne Hayne,-10.95,12.0,0.0,1
Matt Cecchin,21.05,15.0,-3.0,1
Tony Archer,5.05,7.0,1.0,0
Jared Maxwell,-1.95,13.0,-9.0,0
Henry Perenara,15.05,16.0,2.0,1
Matt Cecchin,3.05,6.0,0.0,0
Gavin Badger,33.05,11.0,-1.0,1
Jason Robinson,-18.95,13.0,1.0,1
Tony De Las Heras,-15.95,19.0,-3.0,1
Tony Archer,5.05,6.0,2.0,1
Steve Lyons,17.05,17.0,-1.0,1
Ashley Klein,-12.95,17.0,3.0,1
Shayne Hayne,-3.95,8.0,2.0,0
Gavin Badger,-8.95,15.0,-1.0,1
Tony Archer,3.05,8.0,0.0,1
Ashley Klein,13.05,16.0,2.0,1
Shayne Hayne,-2.95,10.0,-2.0,0
Tony De Las Heras,-14.95,9.0,-1.0,1
Matt Cecchin,-14.95,15.0,1.0,1
Ben Cummins,3.05,13.0,1.0,1
Jason Robinson,1.05,13.0,-3.0,0
Tony Archer,-12.95,9.0,1.0,1
Shayne Hayne,-0.95,4.0,0.0,1
Gavin Badger,-0.95,12.0,0.0,0
Ben Cummins,0.05,10.0,-4.0,1
Matt Cecchin,-6.95,10.0,0.0,0
Ashley Klein,33.05,13.0,1.0,1
Henry Perenara,8.05,13.0,-1.0,1
Shayne Hayne,-24.95,10.0,0.0,0
Ashley Klein,7.05,10.0,2.0,0
Jason Robinson,-6.95,10.0,4.0,1
Matt Cecchin,21.05,14.0,4.0,0
Steve Lyons,5.05,7.0,3.0,0
Shayne Hayne,7.05,17.0,1.0,0
Jason Robinson,-28.95,13.0,-1.0,1
Steve Lyons,-1.95,10.0,4.0,1
Alan Shortall,-10.95,11.0,-1.0,0
Phil Haines,13.05,9.0,-5.0,1
Gavin Badger,29.05,12.0,0.0,0
Tony Archer,7.05,12.0,0.0,0
Tony Archer,-2.95,7.0,3.0,1
Jason Robinson,-26.95,14.0,0.0,1
Alan Shortall,17.05,15.0,1.0,1
Jared Maxwell,-3.95,10.0,2.0,0
Gavin Badger,-16.95,12.0,-4.0,1
Shayne Hayne,25.05,11.0,1.0,0
Phil Haines,17.05,12.0,0.0,1
Jason Robinson,-2.95,14.0,2.0,0
Matt Cecchin,-8.95,6.0,2.0,0
Ashley Klein,12.05,6.0,-2.0,1
Steve Lyons,9.05,13.0,7.0,1
Jared Maxwell,-0.95,6.0,4.0,1
Jason Robinson,11.05,12.0,0.0,0
Gerard Sutton,11.05,8.0,4.0,0
Matt Cecchin,5.05,7.0,1.0,0
Ashley Klein,7.05,6.0,4.0,1
Shayne Hayne,23.05,7.0,1.0,1
Jared Maxwell,-12.95,11.0,7.0,0
Matt Cecchin,3.05,5.0,-1.0,1
Ben Cummins,-22.95,7.0,-1.0,1
Jason Robinson,-2.95,10.0,0.0,1
Tony Archer,-4.95,11.0,1.0,0
Henry Perenara,3.05,16.0,2.0,1
Steve Lyons,23.05,10.0,0.0,0
Ashley Klein,-12.95,8.0,0.0,1
Shayne Hayne,5.05,5.0,3.0,0
Ben Cummins,-8.95,13.0,1.0,0
Jared Maxwell,-16.95,11.0,-1.0,1
Gerard Sutton,2.05,7.0,-3.0,0
Tony Archer,9.05,13.0,-1.0,1
Steve Lyons,-14.95,11.0,-1.0,1
Henry Perenara,-0.95,6.0,4.0,0
Ashley Klein,3.05,18.0,0.0,1
Matt Cecchin,4.05,10.0,-2.0,1
Ben Cummins,3.05,11.0,-1.0,1
Jason Robinson,11.05,15.0,-3.0,0
Shayne Hayne,9.05,8.0,4.0,1
Jared Maxwell,5.05,12.0,2.0,1
Steve Lyons,0.05,9.0,3.0,0
Matt Cecchin,1.05,9.0,-1.0,0
Tony Archer,-2.95,12.0,0.0,1
Ashley Klein,23.05,12.0,2.0,0
Matt Cecchin,-4.95,8.0,0.0,1
Ashley Klein,11.05,8.0,0.0,1
Jason Robinson,-4.95,10.0,4.0,0
Shayne Hayne,-26.95,12.0,4.0,0
Tony Archer,8.05,12.0,-4.0,0
Gavin Badger,-0.95,13.0,3.0,1
Ben Cummins,-0.95,6.0,4.0,0
Tony De Las Heras,36.05,10.0,2.0,1
Ben Cummins,-11.95,7.0,3.0,0
Shayne Hayne,-0.95,13.0,-1.0,1
Jared Maxwell,17.05,11.0,1.0,1
Gerard Sutton,-6.95,10.0,-2.0,1
Ashley Klein,23.05,11.0,1.0,1
Jason Robinson,-10.95,16.0,-4.0,0
Tony Archer,-4.95,10.0,0.0,1
Matt Cecchin,-10.95,8.0,0.0,1
Ben Cummins,4.05,9.0,-5.0,1
Matt Cecchin,-3.95,,,0
Shayne Hayne,3.05,13.0,5.0,1
Tony Archer,-13.95,10.0,2.0,1
Gavin Badger,-6.95,8.0,-2.0,0
Steve Lyons,-0.95,9.0,1.0,1
Jason Robinson,21.05,12.0,2.0,1
Ashley Klein,13.05,11.0,5.0,0
Tony Archer,-18.95,7.0,3.0,1
Matt Cecchin,-0.95,13.0,1.0,1
Steve Lyons,17.05,9.0,-1.0,1
Jared Maxwell,3.05,6.0,4.0,1
Ben Cummins,-4.95,8.0,2.0,1
Ashley Klein,23.05,12.0,2.0,1
Phil Haines,3.05,11.0,5.0,1
Shayne Hayne,-2.95,13.0,1.0,1
Matt Cecchin,-16.95,7.0,1.0,0
Shayne Hayne,-9.95,7.0,-1.0,1
Phil Haines,-0.95,10.0,4.0,0
Tony Archer,-8.95,12.0,4.0,0
Gavin Badger,11.05,10.0,-2.0,1
Jason Robinson,23.05,6.0,-2.0,0
Ashley Klein,17.05,9.0,-3.0,0
Steve Lyons,-3.95,10.0,2.0,0
Ashley Klein,-14.95,8.0,-2.0,1
Shayne Hayne,-10.95,17.0,-1.0,1
Matt Cecchin,8.05,7.0,3.0,1
Tony Archer,9.05,10.0,2.0,1
Shayne Hayne,-6.95,9.0,1.0,1
Tony Archer,13.05,8.0,0.0,1
Tony Archer,11.05,11.0,3.0,1
Shayne Hayne,-0.95,10.0,-2.0,1
Tony Archer,-22.95,9.0,-1.0,0
Ben Cummins,-2.846,13.0,-5.0,0
Shayne Hayne,-4.846,12.0,4.0,0
Jared Maxwell,9.154,15.0,3.0,1
Jason Robinson,-4.846,18.0,2.0,0
Henry Perenara,1.154,13.0,1.0,1
Luke Phillips,-0.846,12.0,2.0,1
Ashley Klein,-18.846,9.0,1.0,1
Gerard Sutton,11.154,16.0,4.0,1
Shayne Hayne,-4.846,13.0,-1.0,0
Jason Robinson,-12.846,14.0,2.0,0
Gerard Sutton,1.154,15.0,3.0,0
Ashley Klein,-10.846,14.0,2.0,0
Henry Perenara,-4.846,22.0,0.0,1
Luke Phillips,5.154,17.0,-1.0,1
Ben Cummins,-8.846,10.0,0.0,1
Jared Maxwell,-14.846,16.0,-6.0,1
Ben Cummins,-0.846,13.0,1.0,1
Shayne Hayne,8.154,10.0,0.0,1
Luke Phillips,-10.846,12.0,0.0,1
Gerard Sutton,-32.846,15.0,1.0,1
Henry Perenara,-8.846,12.0,0.0,1
Ashley Klein,35.154,11.0,-1.0,0
Gavin Badger,6.154,9.0,3.0,1
Jason Robinson,-0.846,17.0,1.0,1
Luke Phillips,-14.846,15.0,3.0,1
Shayne Hayne,-11.846,5.0,1.0,0
Jared Maxwell,17.154,13.0,-1.0,0
Ashley Klein,-3.846,6.0,2.0,0
Jason Robinson,-2.846,17.0,-3.0,0
Gerard Sutton,-0.846,8.0,0.0,1
Henry Perenara,-2.846,9.0,1.0,1
Ben Cummins,9.154,11.0,1.0,1
Ashley Klein,-14.846,11.0,3.0,0
Shayne Hayne,3.154,10.0,0.0,0
Henry Perenara,-21.846,11.0,-1.0,1
Chris James,-10.846,17.0,3.0,1
Ben Cummins,-5.846,10.0,2.0,1
Jared Maxwell,5.154,5.0,3.0,0
Luke Phillips,5.154,8.0,4.0,1
Jason Robinson,-2.846,21.0,7.0,1
Ashley Klein,-18.846,8.0,0.0,1
Ben Cummins,-2.846,11.0,-1.0,1
Henry Perenara,-26.846,10.0,2.0,1
Chris James,-4.846,7.0,5.0,1
Shayne Hayne,-13.846,15.0,5.0,0
Jared Maxwell,2.154,14.0,-2.0,1
Luke Phillips,-15.846,15.0,-1.0,0
Jason Robinson,9.154,16.0,8.0,1
Shayne Hayne,3.154,21.0,-1.0,1
Henry Perenara,5.154,10.0,0.0,1
Ashley Klein,-8.846,23.0,1.0,0
Gavin Badger,1.154,12.0,4.0,1
Ben Cummins,-10.846,19.0,-1.0,0
Luke Phillips,-4.846,10.0,0.0,0
Chris James,-8.846,15.0,3.0,0
Jason Robinson,15.154,14.0,4.0,1
Shayne Hayne,-2.846,14.0,-2.0,0
Henry Perenara,3.154,13.0,-1.0,1
Ashley Klein,3.154,15.0,-3.0,0
Chris James,-16.846,18.0,2.0,0
Jason Robinson,8.154,14.0,0.0,1
Gavin Badger,0.154,16.0,0.0,0
Luke Phillips,-4.846,14.0,-2.0,1
Ben Cummins,1.154,12.0,6.0,0
Luke Phillips,-2.846,8.0,-2.0,1
Ben Cummins,-4.846,14.0,-2.0,0
Chris James,-0.846,16.0,0.0,0
Ashley Klein,-3.846,17.0,1.0,1
Jason Robinson,17.154,11.0,-1.0,1
Shayne Hayne,-11.846,18.0,6.0,1
Gavin Badger,-18.846,8.0,2.0,1
Henry Perenara,-20.846,18.0,0.0,0
Ben Cummins,-2.846,20.0,6.0,1
Luke Phillips,23.154,10.0,0.0,1
Gavin Badger,3.154,15.0,1.0,1
Henry Perenara,27.154,14.0,4.0,1
Ashley Klein,-20.846,12.0,6.0,0
Chris James,9.154,11.0,1.0,1
Jason Robinson,11.154,20.0,-2.0,1
Matt Cecchin,-20.846,15.0,5.0,0
Jason Robinson,1.154,15.0,-1.0,1
Henry Perenara,-2.846,16.0,-2.0,1
Chris James,-21.846,12.0,0.0,0
Shayne Hayne,3.154,13.0,-1.0,0
Gavin Badger,-14.846,13.0,-3.0,1
Luke Phillips,-0.846,14.0,0.0,1
Matt Cecchin,5.154,11.0,3.0,0
Ben Cummins,-14.846,14.0,8.0,1
Jared Maxwell,-10.846,11.0,-3.0,1
Gavin Badger,2.154,13.0,3.0,1
Gerard Sutton,2.154,23.0,-7.0,1
Ben Cummins,33.154,11.0,-1.0,0
Adam Devcich,21.154,16.0,4.0,0
Henry Perenara,-18.846,17.0,-1.0,0
Matt Cecchin,21.154,14.0,-2.0,0
Ben Cummins,-6.846,16.0,0.0,1
Jared Maxwell,-2.846,10.0,2.0,0
Ashley Klein,3.154,9.0,1.0,1
Luke Phillips,7.154,12.0,-6.0,1
Jared Maxwell,-2.846,10.0,2.0,0
Shayne Hayne,21.154,17.0,3.0,0
Ben Cummins,-4.846,16.0,-6.0,1
Jason Robinson,5.154,16.0,2.0,1
Matt Cecchin,13.154,12.0,0.0,1
Henry Perenara,-10.846,6.0,0.0,1
Ashley Klein,-5.846,10.0,-2.0,0
Gavin Badger,3.154,15.0,5.0,1
Matt Cecchin,-2.846,13.0,3.0,0
Alan Shortall,-11.846,14.0,-2.0,1
Henry Perenara,-0.846,19.0,-7.0,0
Jared Maxwell,-10.846,8.0,4.0,1
Ben Cummins,-6.846,10.0,-2.0,1
Jared Maxwell,-14.846,11.0,-1.0,1
Gavin Badger,-5.846,5.0,3.0,1
Shayne Hayne,21.154,9.0,-1.0,1
Henry Perenara,-6.846,8.0,-2.0,1
Alan Shortall,-12.846,14.0,0.0,1
Matt Cecchin,-10.846,17.0,1.0,1
Luke Phillips,-8.846,10.0,-2.0,1
Matt Cecchin,17.154,11.0,3.0,1
Chris James,-4.846,13.0,7.0,0
Henry Perenara,17.154,11.0,1.0,0
Jason Robinson,3.154,13.0,-3.0,1
Shayne Hayne,-10.846,7.0,-1.0,0
Ashley Klein,2.154,9.0,-1.0,1
Gavin Badger,19.154,9.0,1.0,1
Luke Phillips,-3.846,11.0,3.0,0
Henry Perenara,-13.846,9.0,-1.0,0
Alan Shortall,-1.846,6.0,-2.0,1
Ashley Klein,7.154,11.0,1.0,0
Luke Phillips,-2.846,11.0,3.0,0
Jason Robinson,-26.846,11.0,5.0,1
Henry Perenara,-0.846,13.0,-3.0,1
Ashley Klein,5.154,15.0,-1.0,0
Ben Cummins,17.154,10.0,4.0,1
Gerard Sutton,-0.846,12.0,-4.0,0
Gerard Sutton,-6.846,14.0,2.0,0
Matt Cecchin,11.154,12.0,0.0,1
Alan Shortall,-0.846,18.0,4.0,0
Ashley Klein,-4.846,12.0,4.0,0
Henry Perenara,11.154,10.0,-2.0,1
Shayne Hayne,7.154,18.0,4.0,1
Jared Maxwell,-0.846,23.0,5.0,0
Luke Phillips,13.154,18.0,4.0,0
Ben Cummins,-4.846,5.0,1.0,0
Shayne Hayne,7.154,16.0,2.0,0
Ashley Klein,5.154,18.0,2.0,0
Matt Cecchin,-8.846,16.0,4.0,0
Luke Phillips,1.154,13.0,1.0,1
Jared Maxwell,31.154,14.0,0.0,0
Gavin Badger,1.154,12.0,4.0,1
Henry Perenara,18.154,21.0,3.0,0
Matt Cecchin,-6.846,11.0,1.0,1
Henry Perenara,7.154,10.0,0.0,1
Shayne Hayne,-8.846,10.0,4.0,0
Gavin Badger,9.154,17.0,-5.0,1
Jason Robinson,9.154,15.0,-3.0,1
Jared Maxwell,-1.846,11.0,3.0,1
Gerard Sutton,-0.846,11.0,1.0,0
Luke Phillips,1.154,23.0,1.0,0
Gavin Badger,-6.846,17.0,-1.0,1
Henry Perenara,-8.846,15.0,5.0,1
Matt Cecchin,-8.846,12.0,-2.0,1
Luke Phillips,-0.846,13.0,1.0,0
Ashley Klein,3.154,16.0,2.0,0
Jason Robinson,11.154,15.0,1.0,0
Jared Maxwell,-7.846,14.0,6.0,0
Phil Haines,29.154,18.0,4.0,0
Luke Phillips,-0.846,17.0,3.0,1
Matt Cecchin,7.154,14.0,2.0,1
Shayne Hayne,-8.846,8.0,0.0,1
Jared Maxwell,5.154,16.0,0.0,0
Jason Robinson,11.154,16.0,4.0,0
Ben Cummins,17.154,13.0,5.0,0
Adam Devcich,27.154,16.0,4.0,1
Henry Perenara,13.154,21.0,-1.0,1
Ashley Klein,3.154,16.0,0.0,0
Henry Perenara,9.154,11.0,-5.0,0
Gerard Sutton,7.154,10.0,-2.0,1
Jared Maxwell,-4.846,16.0,-2.0,1
Gavin Badger,25.154,8.0,2.0,1
Luke Phillips,8.154,13.0,-1.0,0
Matt Cecchin,11.154,10.0,2.0,0
Brett Suttor,7.154,11.0,-1.0,1
Gavin Badger,-13.846,10.0,4.0,1
Matt Cecchin,-4.846,16.0,6.0,0
Shayne Hayne,4.154,17.0,-3.0,1
Henry Perenara,-11.846,8.0,0.0,1
Gerard Sutton,31.154,12.0,4.0,1
Luke Phillips,19.154,10.0,2.0,1
Chris James,15.154,19.0,-7.0,0
Phil Haines,23.154,12.0,-4.0,0
Shayne Hayne,-10.846,15.0,1.0,1
Ben Cummins,-36.846,17.0,-7.0,1
Henry Perenara,-2.846,8.0,-2.0,1
Gavin Badger,-12.846,15.0,1.0,0
Shayne Hayne,1.154,7.0,1.0,1
Ben Cummins,-6.846,6.0,2.0,0
Ben Cummins,9.154,8.0,2.0,0
Shayne Hayne,13.154,9.0,-1.0,1
Shayne Hayne,3.154,7.0,3.0,1
Luke Phillips,-5.333,18.0,6.0,1
Shayne Hayne,-11.333,17.0,-1.0,0
Matt Cecchin,-3.333,9.0,-1.0,1
Gerard Sutton,3.667,19.0,-1.0,0
Gavin Badger,8.667,11.0,-3.0,1
Ashley Klein,26.667,10.0,2.0,1
Henry Perenara,10.667,18.0,0.0,1
Jared Maxwell,-11.333,17.0,-3.0,0
Shayne Hayne,-15.333,14.0,-2.0,1
Ben Cummins,-13.333,12.0,-4.0,1
Jared Maxwell,1.667,14.0,0.0,0
Ashley Klein,-6.333,21.0,1.0,1
Gavin Badger,18.667,16.0,6.0,1
Gerard Sutton,12.667,15.0,-1.0,0
Henry Perenara,4.667,12.0,-4.0,0
Matt Cecchin,4.667,17.0,-1.0,1
Matt Cecchin,-0.333,21.0,-1.0,1
Shayne Hayne,14.667,13.0,7.0,0
Ben Cummins,-7.333,11.0,5.0,1
Henry Perenara,-15.333,12.0,0.0,0
Ashley Klein,-5.333,15.0,3.0,0
Jared Maxwell,-1.333,14.0,6.0,1
Gavin Badger,-5.333,23.0,7.0,0
Gerard Sutton,6.667,22.0,8.0,1
Ben Cummins,-33.333,13.0,-9.0,0
Gerard Sutton,14.667,9.0,3.0,0
Matt Cecchin,18.667,11.0,1.0,1
Henry Perenara,6.667,15.0,-1.0,1
Ashley Klein,10.667,14.0,0.0,1
Jared Maxwell,6.667,20.0,0.0,0
Gavin Badger,-11.333,13.0,1.0,1
Chris James,-16.333,16.0,-2.0,1
Henry Perenara,-24.333,13.0,1.0,0
Matt Cecchin,1.667,14.0,2.0,0
Gavin Reynolds,1.667,13.0,3.0,1
Chris James,-23.333,12.0,-2.0,1
Gavin Badger,-9.333,17.0,-5.0,0
Ben Cummins,12.667,16.0,0.0,0
Ashley Klein,10.667,20.0,-2.0,1
Gerard Sutton,-11.333,17.0,-1.0,1
Ashley Klein,-21.333,20.0,2.0,0
Shayne Hayne,-21.333,12.0,0.0,1
Henry Perenara,-3.333,16.0,4.0,0
Gerard Sutton,-15.333,12.0,4.0,1
Gavin Reynolds,-21.333,16.0,0.0,1
Ben Cummins,-0.333,10.0,2.0,0
Gavin Badger,-13.333,11.0,-3.0,1
Matt Cecchin,10.667,15.0,1.0,1
Shayne Hayne,-12.333,16.0,2.0,0
Ashley Klein,-3.333,12.0,4.0,0
Gavin Badger,5.667,7.0,1.0,1
Jared Maxwell,-11.333,14.0,4.0,1
Henry Perenara,0.667,8.0,4.0,0
Gerard Sutton,4.667,13.0,-1.0,1
Matt Cecchin,-2.333,11.0,-3.0,0
Gavin Reynolds,-15.333,21.0,-1.0,1
Shayne Hayne,6.667,11.0,1.0,0
Ashley Klein,-15.333,9.0,-1.0,0
Gavin Badger,12.667,10.0,0.0,0
Matt Cecchin,2.667,11.0,3.0,1
Ben Cummins,14.667,10.0,0.0,1
Henry Perenara,-13.333,9.0,-1.0,1
Jared Maxwell,30.667,7.0,5.0,1
Gerard Sutton,-13.333,18.0,-2.0,0
Matt Cecchin,-5.333,11.0,3.0,1
Gerard Sutton,-0.333,4.0,2.0,1
Henry Perenara,24.667,7.0,-1.0,1
Ben Cummins,16.667,14.0,2.0,0
Shayne Hayne,-0.333,11.0,-3.0,1
Jared Maxwell,0.667,11.0,-1.0,0
Gavin Badger,2.667,14.0,2.0,0
Alan Shortall,24.667,7.0,-3.0,1
Gerard Sutton,-0.333,15.0,3.0,0
Ben Cummins,-11.333,15.0,1.0,1
Jared Maxwell,-5.333,14.0,2.0,1
Henry Perenara,0.667,20.0,0.0,0
Shayne Hayne,10.667,11.0,5.0,1
Gavin Badger,4.667,12.0,2.0,0
Ashley Klein,-13.333,13.0,1.0,1
Matt Cecchin,-12.333,7.0,-1.0,1
Ashley Klein,2.667,18.0,6.0,0
Henry Perenara,-1.333,15.0,1.0,0
Gavin Badger,-11.333,12.0,-4.0,0
Jared Maxwell,12.667,14.0,4.0,1
Matt Cecchin,-23.333,10.0,0.0,0
Matt Cecchin,8.667,10.0,0.0,1
Jared Maxwell,-3.333,12.0,0.0,1
Ashley Klein,-19.333,11.0,3.0,1
Gavin Badger,14.667,4.0,-2.0,1
Ben Cummins,4.667,10.0,4.0,1
Henry Perenara,-2.333,9.0,5.0,1
Gerard Sutton,0.667,8.0,0.0,1
Ben Cummins,-7.333,8.0,-2.0,1
Matt Cecchin,8.667,14.0,-2.0,0
Gavin Badger,-11.333,7.0,3.0,1
Jared Maxwell,10.667,14.0,2.0,1
Ashley Klein,1.667,17.0,-1.0,0
Henry Perenara,2.667,14.0,2.0,0
Adam Devcich,-9.333,11.0,3.0,0
Gerard Sutton,0.667,14.0,4.0,1
Ashley Klein,-9.333,11.0,-3.0,1
Gavin Badger,-0.333,7.0,-1.0,1
Henry Perenara,-7.333,15.0,3.0,0
Jared Maxwell,2.667,13.0,3.0,0
Ashley Klein,-5.333,10.0,0.0,0
Jared Maxwell,-12.333,10.0,2.0,1
Gavin Reynolds,-15.333,12.0,0.0,0
Ben Cummins,24.667,15.0,1.0,1
Gavin Badger,-4.333,7.0,-1.0,0
Matt Cecchin,22.667,14.0,0.0,1
Shayne Hayne,-1.333,10.0,4.0,1
Gavin Badger,4.667,3.0,1.0,0
Matt Cecchin,-4.333,8.0,-2.0,1
Ben Cummins,-3.333,15.0,1.0,1
Gerard Sutton,8.667,17.0,5.0,1
Henry Perenara,-15.333,12.0,-2.0,0
Ashley Klein,-5.333,6.0,0.0,1
Jared Maxwell,-2.333,11.0,-1.0,1
Gavin Badger,9.667,7.0,-1.0,1
Henry Perenara,16.667,12.0,2.0,0
Shayne Hayne,-5.333,11.0,1.0,0
Ashley Klein,-17.333,23.0,3.0,0
Shayne Hayne,6.667,16.0,-4.0,1
Henry Perenara,6.667,14.0,2.0,1
Gerard Sutton,-31.333,19.0,-1.0,0
Jared Maxwell,14.667,13.0,-1.0,0
Ashley Klein,7.667,12.0,2.0,0
Adam Devcich,27.667,14.0,-2.0,1
Alan Shortall,12.667,19.0,3.0,0
Jared Maxwell,2.667,17.0,-1.0,0
Ashley Klein,2.667,15.0,-3.0,1
Shayne Hayne,0.667,10.0,-4.0,1
Adam Devcich,8.667,11.0,-3.0,1
Matt Cecchin,-11.333,11.0,5.0,0
Ben Cummins,22.667,12.0,4.0,1
Henry Perenara,-8.333,16.0,2.0,0
Gavin Badger,-13.333,12.0,4.0,1
Jared Maxwell,-3.333,13.0,3.0,0
Henry Perenara,-7.333,10.0,0.0,0
Shayne Hayne,0.667,9.0,-1.0,0
Alan Shortall,-9.333,12.0,4.0,0
Ben Cummins,-7.333,13.0,1.0,0
Matt Cecchin,-1.333,11.0,1.0,0
Ashley Klein,10.667,14.0,0.0,0
Alan Shortall,-21.333,16.0,0.0,1
Matt Cecchin,-3.333,14.0,4.0,0
Shayne Hayne,10.667,10.0,-4.0,1
Gavin Badger,-5.333,20.0,2.0,1
Ashley Klein,2.667,15.0,3.0,0
Gavin Reynolds,30.667,7.0,-1.0,0
Henry Perenara,18.667,11.0,-1.0,1
Ben Cummins,-7.333,20.0,4.0,0
Ben Cummins,-14.333,12.0,2.0,1
Alan Shortall,9.667,18.0,6.0,1
Shayne Hayne,28.667,11.0,1.0,1
Ashley Klein,20.667,14.0,8.0,1
Gavin Reynolds,-13.333,18.0,2.0,1
Adam Devcich,-13.333,12.0,4.0,1
Jared Maxwell,-21.333,14.0,2.0,0
Henry Perenara,2.667,10.0,4.0,1
Shayne Hayne,16.667,5.0,1.0,1
Ben Cummins,-7.333,9.0,-1.0,0
Adam Devcich,8.667,7.0,-3.0,0
Henry Perenara,12.667,16.0,-2.0,1
Gavin Badger,10.667,9.0,-1.0,0
Gavin Reynolds,8.667,14.0,4.0,1
Jared Maxwell,-14.333,14.0,6.0,0
Alan Shortall,3.667,11.0,1.0,1
Matt Cecchin,-1.333,11.0,3.0,1
Alan Shortall,-7.333,15.0,-1.0,1
Gavin Badger,12.667,12.0,0.0,1
Jared Maxwell,-9.333,16.0,2.0,0
Adam Devcich,-1.333,12.0,-2.0,1
David Munro,16.667,15.0,7.0,0
Henry Perenara,-7.333,14.0,0.0,0
Ben Cummins,-7.333,18.0,2.0,0
Alan Shortall,-6.333,16.0,-4.0,0
Ben Cummins,10.667,14.0,-4.0,1
Henry Perenara,-2.333,13.0,3.0,1
Jared Maxwell,-5.333,10.0,0.0,1
Adam Devcich,12.667,8.0,-2.0,1
Gavin Badger,0.667,15.0,3.0,1
Matt Cecchin,9.667,19.0,1.0,1
Ashley Klein,-2.333,15.0,-1.0,1
Matt Cecchin,-1.333,12.0,-2.0,1
Jared Maxwell,-7.333,12.0,-2.0,1
Ashley Klein,11.667,6.0,-2.0,1
Gavin Badger,4.667,14.0,2.0,1
Gavin Reynolds,-5.333,13.0,-1.0,1
Adam Devcich,8.667,12.0,0.0,1
Shayne Hayne,-13.333,9.0,1.0,1
Henry Perenara,-4.333,12.0,2.0,1
Shayne Hayne,22.667,8.0,-2.0,0
Henry Perenara,-4.333,12.0,-2.0,0
Ben Cummins,10.667,10.0,-4.0,1
Matt Cecchin,-9.333,12.0,2.0,0
Shayne Hayne,19.667,10.0,0.0,1
Ben Cummins,-6.333,7.0,-1.0,0
Ben Cummins,12.667,15.0,5.0,1
Shayne Hayne,-11.333,18.0,2.0,0
Shayne Hayne,-5.333,11.0,-1.0,1
Gerard Sutton,1.418,21.0,-1.0,0
Henry Perenara,13.418,16.0,-2.0,1
Ashley Klein,-2.582,18.0,-2.0,1
Gavin Badger,-3.582,18.0,2.0,0
Jared Maxwell,-8.582,12.0,8.0,0
Ben Cummins,1.418,18.0,0.0,1
Alan Shortall,3.418,15.0,3.0,0
Adam Devcich,-24.582,16.0,2.0,0
Ben Cummins,-28.582,17.0,5.0,0
Gerard Sutton,3.418,13.0,5.0,1
Alan Shortall,-0.582,18.0,4.0,1
Jared Maxwell,5.418,16.0,0.0,1
Gavin Badger,-10.582,16.0,4.0,0
Henry Perenara,19.418,8.0,0.0,1
Adam Devcich,-16.582,10.0,2.0,0
Ashley Klein,-14.582,18.0,-2.0,1
Henry Perenara,-12.582,10.0,0.0,0
Gerard Sutton,25.418,9.0,3.0,1
Ashley Klein,4.418,14.0,2.0,1
Jared Maxwell,1.418,17.0,-3.0,0
Gavin Badger,13.418,20.0,-6.0,1
Ben Cummins,-14.582,15.0,-3.0,1
Adam Devcich,-2.582,15.0,1.0,0
Matt Cecchin,-8.582,13.0,-3.0,1
Ben Cummins,4.418,16.0,2.0,1
Ashley Klein,8.418,17.0,-1.0,0
Jared Maxwell,-0.582,16.0,6.0,1
Gerard Sutton,5.418,16.0,4.0,0
Gavin Badger,-24.582,12.0,4.0,1
Matt Cecchin,-0.582,10.0,0.0,0
Adam Devcich,-0.582,13.0,-1.0,1
Henry Perenara,-5.582,8.0,2.0,1
Gerard Sutton,-5.582,14.0,0.0,0
Ashley Klein,1.418,14.0,0.0,0
Henry Perenara,4.418,10.0,4.0,0
Gavin Badger,-27.582,12.0,4.0,0
Ben Cummins,-8.582,10.0,-2.0,0
Jared Maxwell,-12.582,11.0,1.0,0
Adam Devcich,3.418,10.0,-4.0,1
Matt Cecchin,-0.582,14.0,4.0,0
Ashley Klein,-12.582,10.0,-2.0,1
Gerard Sutton,-0.582,14.0,4.0,1
Henry Perenara,13.418,16.0,0.0,0
Gavin Badger,13.418,15.0,5.0,1
Jared Maxwell,-6.582,14.0,2.0,1
Matt Cecchin,-16.582,11.0,1.0,0
Ben Cummins,-3.582,8.0,0.0,1
Alan Shortall,1.418,18.0,2.0,0
Matt Cecchin,-18.582,9.0,1.0,1
Gavin Badger,3.418,13.0,1.0,1
Jared Maxwell,-2.582,17.0,-1.0,1
Gerard Sutton,11.418,11.0,-3.0,1
Ashley Klein,-7.582,15.0,3.0,1
Henry Perenara,11.418,11.0,-3.0,0
Adam Devcich,9.418,12.0,4.0,0
Ben Cummins,-12.582,9.0,5.0,1
Gavin Badger,11.418,18.0,2.0,0
Gavin Morris,19.418,13.0,5.0,0
Ashley Klein,9.418,10.0,4.0,0
Gerard Sutton,-14.582,15.0,-1.0,0
Henry Perenara,-18.582,19.0,1.0,0
Ben Cummins,3.418,10.0,6.0,1
Gavin Badger,3.418,21.0,-1.0,1
Alan Shortall,11.418,15.0,-3.0,0
Matt Cecchin,-27.582,11.0,3.0,1
Jared Maxwell,-0.582,10.0,0.0,1
Gavin Badger,31.418,10.0,0.0,1
Gavin Morris,-4.582,21.0,1.0,0
Henry Perenara,-1.582,6.0,2.0,1
Adam Devcich,-0.582,9.0,-3.0,1
Alan Shortall,-2.582,15.0,-3.0,0
Matt Cecchin,-14.582,13.0,1.0,1
Alan Shortall,-6.582,10.0,-2.0,0
Jared Maxwell,10.418,7.0,1.0,1
Gavin Reynolds,-10.582,9.0,1.0,0
Adam Devcich,4.418,13.0,1.0,0
Henry Perenara,-12.582,12.0,4.0,1
Ben Cummins,9.418,11.0,1.0,1
Gavin Badger,-6.582,11.0,3.0,1
Alan Shortall,-19.582,14.0,-2.0,0
Jared Maxwell,-14.582,9.0,1.0,1
Matt Cecchin,-32.582,13.0,-1.0,0
Henry Perenara,34.418,7.0,3.0,0
Gavin Badger,8.418,9.0,1.0,0
Matt Cecchin,5.418,11.0,3.0,0
Gavin Reynolds,-2.582,17.0,-5.0,0
Gavin Badger,-4.582,13.0,-3.0,0
Henry Perenara,-8.582,8.0,2.0,1
Ben Cummins,3.418,13.0,-3.0,1
Alan Shortall,7.418,16.0,6.0,1
Jared Maxwell,-14.582,17.0,-5.0,1
Matt Cecchin,13.418,10.0,2.0,1
Henry Perenara,6.418,16.0,0.0,0
Gavin Reynolds,25.418,12.0,2.0,0
Jared Maxwell,-0.582,6.0,2.0,1
Alan Shortall,-20.582,12.0,2.0,0
Ben Cummins,-26.582,15.0,1.0,1
Chris James,4.418,6.0,-2.0,1
Gavin Badger,25.418,9.0,1.0,0
Matt Cecchin,-0.582,11.0,3.0,1
Gavin Badger,5.418,10.0,0.0,0
Jared Maxwell,1.418,15.0,1.0,1
Ashley Klein,7.418,14.0,2.0,0
Jared Maxwell,9.418,16.0,-4.0,1
Ashley Klein,0.418,17.0,-3.0,0
Matt Cecchin,9.418,11.0,-1.0,0
Adam Devcich,-4.582,15.0,-1.0,1
Gavin Badger,17.418,15.0,1.0,0
Henry Perenara,-14.582,11.0,3.0,0
Ben Cummins,-7.582,13.0,1.0,0
Henry Perenara,-12.582,15.0,-3.0,1
Jared Maxwell,25.418,5.0,3.0,1
Gerard Sutton,-2.582,16.0,2.0,1
Gavin Reynolds,1.418,13.0,-1.0,0
Ashley Klein,-12.582,15.0,-5.0,1
Adam Devcich,-10.582,10.0,4.0,1
Gavin Badger,6.418,13.0,-1.0,0
Ben Cummins,-16.582,10.0,-2.0,1
Jared Maxwell,-14.582,19.0,3.0,1
Matt Cecchin,-10.582,8.0,2.0,0
Ashley Klein,3.418,16.0,-6.0,1
Gavin Badger,3.418,16.0,-8.0,0
Matt Cecchin,17.418,12.0,-2.0,1
Ashley Klein,-12.582,13.0,-1.0,0
Jared Maxwell,-16.582,10.0,-2.0,0
Chris James,1.418,11.0,1.0,1
Gavin Badger,-4.582,12.0,-4.0,1
Henry Perenara,3.418,14.0,2.0,0
Ben Cummins,-8.582,13.0,1.0,0
Jared Maxwell,21.418,10.0,0.0,1
Ashley Klein,0.418,18.0,-2.0,0
Gavin Badger,-8.582,16.0,-2.0,1
Adam Devcich,-8.582,12.0,-2.0,0
Matt Cecchin,-16.582,10.0,2.0,1
Henry Perenara,17.418,10.0,4.0,1
Alan Shortall,1.418,12.0,-2.0,0
Jared Maxwell,0.418,17.0,-7.0,0
Adam Devcich,-6.582,13.0,1.0,1
Gavin Reynolds,3.418,18.0,2.0,0
Henry Perenara,17.418,10.0,4.0,1
Matt Cecchin,-14.582,13.0,-3.0,1
Ben Cummins,17.418,9.0,-1.0,0
Gerard Sutton,-6.582,19.0,-7.0,0
Gavin Badger,9.418,9.0,3.0,1
Matt Cecchin,25.418,9.0,-5.0,1
Adam Devcich,9.418,13.0,3.0,1
Gerard Sutton,15.418,15.0,1.0,1
Gavin Badger,17.418,8.0,0.0,1
Ben Cummins,-8.582,9.0,3.0,0
Gavin Reynolds,29.418,15.0,1.0,1
Matt Cecchin,-4.582,15.0,3.0,1
Henry Perenara,-2.582,15.0,1.0,1
Ben Cummins,-6.582,10.0,2.0,0
Gerard Sutton,-4.582,18.0,2.0,1
Adam Devcich,-26.582,16.0,-4.0,1
Matt Cecchin,7.418,14.0,2.0,1
Gavin Badger,-4.582,13.0,1.0,0
Ashley Klein,19.418,16.0,2.0,0
Grant Atkins,9.418,13.0,3.0,1
Henry Perenara,-2.582,17.0,1.0,0
Gavin Badger,8.418,18.0,2.0,0
Jared Maxwell,-2.582,10.0,-2.0,1
Ashley Klein,-6.582,14.0,0.0,1
Henry Perenara,5.418,15.0,5.0,1
Gavin Reynolds,1.418,15.0,-1.0,0
Alan Shortall,9.418,9.0,1.0,1
Matt Cecchin,9.418,18.0,0.0,0
Gavin Badger,-8.582,11.0,-1.0,0
Ashley Klein,-9.582,16.0,-2.0,1
Jared Maxwell,9.418,11.0,3.0,0
Gavin Badger,-18.582,9.0,1.0,1
Grant Atkins,17.418,10.0,2.0,1
Matt Cecchin,25.418,19.0,-3.0,0
Ben Cummins,-4.582,9.0,3.0,0
Gavin Reynolds,-0.582,16.0,0.0,1
Henry Perenara,-14.582,14.0,0.0,0
Matt Cecchin,18.418,10.0,2.0,0
Jared Maxwell,15.418,12.0,-2.0,0
Gavin Badger,22.418,10.0,-2.0,0
Chris James,-2.582,11.0,3.0,0
Ben Cummins,-20.582,12.0,2.0,1
Gavin Reynolds,25.418,14.0,2.0,1
Ashley Klein,13.418,13.0,-3.0,1
Henry Perenara,11.418,10.0,0.0,1
Jared Maxwell,-17.582,10.0,6.0,0
Gavin Badger,-10.582,19.0,-1.0,1
Henry Perenara,13.418,19.0,-1.0,1
Matt Cecchin,21.418,17.0,1.0,1
Gavin Reynolds,1.418,21.0,5.0,1
Ashley Klein,7.418,11.0,3.0,1
Gavin Badger,11.418,12.0,0.0,0
Ben Cummins,-14.582,15.0,1.0,0
Ben Cummins,-2.582,9.0,-1.0,0
Gavin Badger,-12.582,8.0,2.0,1
Jared Maxwell,-19.582,17.0,-3.0,1
Matt Cecchin,-0.582,16.0,2.0,1
Matt Cecchin,9.418,9.0,-3.0,1
Gavin Badger,-1.582,19.0,1.0,1
Gavin Badger,2.418,8.0,-2.0,1
Matt Cecchin,3.418,11.0,1.0,0
Ben Cummins,-7.582,9.0,1.0,0
Matt Cecchin,-20.731,8.0,0.0,0
Gerard Sutton,-7.731,20.0,2.0,0
Gavin Badger,10.269,18.0,4.0,1
Ashley Klein,18.269,17.0,-1.0,1
Ben Cummins,-7.731,16.0,0.0,1
Jared Maxwell,10.269,17.0,5.0,0
Henry Perenara,0.269,15.0,3.0,1
Gavin Reynolds,-7.731,13.0,5.0,1
Ben Cummins,-7.731,17.0,1.0,0
Gerard Sutton,-6.731,13.0,3.0,1
Gavin Reynolds,-0.731,18.0,0.0,1
Gavin Badger,12.269,18.0,0.0,1
Jared Maxwell,-5.731,14.0,6.0,1
Matt Cecchin,-9.731,14.0,0.0,1
Ashley Klein,8.269,12.0,-4.0,1
Henry Perenara,16.269,16.0,0.0,1
Gerard Sutton,-1.731,14.0,-2.0,1
Matt Cecchin,-15.731,14.0,2.0,0
Ashley Klein,6.269,21.0,-3.0,0
Gavin Reynolds,3.269,12.0,0.0,1
Gavin Badger,6.269,13.0,1.0,1
Henry Perenara,-6.731,17.0,1.0,0
Jared Maxwell,-27.731,21.0,7.0,1
Ben Cummins,-7.731,18.0,-2.0,1
Gerard Sutton,-0.731,13.0,3.0,1
Ben Cummins,12.269,10.0,2.0,0
Gavin Reynolds,0.269,13.0,5.0,0
Henry Perenara,2.269,18.0,2.0,0
Ashley Klein,-15.731,18.0,2.0,1
Matt Cecchin,-21.731,15.0,3.0,1
Gavin Badger,-33.731,18.0,2.0,0
Chris James,16.269,19.0,3.0,1
Gerard Sutton,-13.731,14.0,2.0,0
Gavin Badger,-1.731,9.0,-3.0,0
Ben Cummins,-5.731,8.0,-2.0,1
Chris James,18.269,19.0,-5.0,0
Henry Perenara,-9.731,18.0,4.0,1
Ashley Klein,-11.731,16.0,-2.0,0
Alan Shortall,-3.731,18.0,2.0,0
Matt Cecchin,18.269,16.0,2.0,0
Gerard Sutton,-15.731,16.0,0.0,1
Henry Perenara,-14.731,8.0,2.0,0
Chris James,0.269,16.0,-4.0,1
Gavin Reynolds,10.269,21.0,-1.0,0
Ashley Klein,-0.731,14.0,4.0,0
Alan Shortall,3.269,16.0,0.0,1
Gavin Badger,-7.731,12.0,4.0,1
Jared Maxwell,-11.731,10.0,4.0,0
Ben Cummins,-9.731,16.0,2.0,0
Matt Cecchin,20.269,12.0,-4.0,1
Gavin Badger,-8.731,12.0,-2.0,0
Henry Perenara,2.269,13.0,-3.0,0
Gavin Reynolds,11.269,13.0,3.0,1
Gerard Sutton,14.269,18.0,6.0,0
Ashley Klein,-4.731,14.0,4.0,0
Jared Maxwell,-5.731,14.0,2.0,0
Jared Maxwell,-3.731,17.0,1.0,1
Ashley Klein,-0.731,9.0,-3.0,1
Henry Perenara,24.269,16.0,2.0,1
Gerard Sutton,6.269,15.0,3.0,1
Alan Shortall,-3.731,16.0,-2.0,1
Gavin Badger,-5.731,17.0,1.0,0
Ben Cummins,-3.731,12.0,4.0,1
Matt Cecchin,0.269,10.0,2.0,1
Ashley Klein,10.269,7.0,3.0,0
Jared Maxwell,-9.731,10.0,2.0,1
Alan Shortall,-4.731,14.0,0.0,1
Matt Cecchin,-3.731,13.0,3.0,1
Ben Cummins,10.269,17.0,3.0,0
Gavin Badger,-5.731,14.0,2.0,1
Chris James,-3.731,15.0,-3.0,0
Gerard Sutton,16.269,12.0,-6.0,1
Ashley Klein,-13.731,17.0,1.0,1
Ben Cummins,0.269,14.0,4.0,0
Jared Maxwell,-5.731,9.0,-1.0,0
Gerard Sutton,-12.731,11.0,-3.0,1
Matt Cecchin,6.269,16.0,2.0,1
Alan Shortall,-1.731,11.0,-1.0,0
Henry Perenara,20.269,17.0,5.0,0
Gavin Badger,-9.731,19.0,-3.0,1
Matt Cecchin,16.269,11.0,-1.0,1
Ben Cummins,-4.731,8.0,0.0,1
Gerard Sutton,-9.731,15.0,-1.0,1
Grant Atkins,8.269,17.0,-3.0,0
Gavin Badger,-9.731,15.0,3.0,1
Henry Perenara,10.269,12.0,4.0,0
Jared Maxwell,10.269,13.0,3.0,1
Ashley Klein,-17.731,12.0,-2.0,0
Matt Cecchin,-4.731,14.0,-2.0,0
Alan Shortall,-17.731,19.0,-3.0,1
Ashley Klein,10.269,11.0,1.0,1
Henry Perenara,-3.731,10.0,2.0,0
Jared Maxwell,6.269,17.0,1.0,1
Henry Perenara,12.269,14.0,-2.0,1
Gavin Badger,20.269,11.0,3.0,1
Matt Cecchin,-11.731,10.0,2.0,1
Alan Shortall,15.269,13.0,-1.0,0
Ashley Klein,8.269,8.0,-2.0,1
Ben Cummins,-3.731,12.0,-4.0,0
Henry Perenara,2.269,10.0,2.0,1
Matt Cecchin,2.269,14.0,4.0,1
Alan Shortall,22.269,11.0,1.0,0
Gavin Badger,-7.731,14.0,0.0,1
Ben Cummins,4.269,9.0,1.0,0
Gavin Reynolds,13.269,14.0,0.0,0
Jared Maxwell,8.269,9.0,-1.0,0
Gerard Sutton,-18.731,20.0,2.0,1
Gavin Badger,0.269,15.0,-5.0,0
Matt Cecchin,-11.731,19.0,3.0,1
Jared Maxwell,-19.731,13.0,7.0,1
Henry Perenara,-1.731,16.0,4.0,1
Gavin Badger,12.269,16.0,0.0,1
Gavin Reynolds,6.269,11.0,1.0,0
Grant Atkins,-4.731,17.0,-3.0,1
Henry Perenara,12.269,9.0,-1.0,1
Chris James,10.269,21.0,-1.0,0
Jared Maxwell,7.269,14.0,0.0,1
Matt Cecchin,14.269,10.0,2.0,1
Alan Shortall,2.269,11.0,1.0,0
Ben Cummins,12.269,12.0,4.0,0
Matt Cecchin,3.269,10.0,0.0,1
Gavin Reynolds,18.269,10.0,-6.0,1
Ashley Klein,16.269,8.0,2.0,1
Jared Maxwell,12.269,14.0,2.0,1
Gerard Sutton,-21.731,16.0,-4.0,0
Henry Perenara,0.269,16.0,2.0,1
Matt Cecchin,-1.731,11.0,-1.0,1
Ashley Klein,12.269,12.0,-2.0,1
Henry Perenara,-5.731,16.0,4.0,0
Alan Shortall,-3.731,12.0,4.0,1
Matt Cecchin,2.269,7.0,-1.0,0
Gavin Badger,-12.731,14.0,-2.0,1
Jared Maxwell,-1.731,9.0,1.0,0
Henry Perenara,-5.731,14.0,0.0,0
Ben Cummins,-1.731,10.0,4.0,1
Ashley Klein,10.269,13.0,5.0,0
Jared Maxwell,-5.731,13.0,-3.0,1
Matt Cecchin,1.269,13.0,-3.0,0
Chris James,6.269,11.0,1.0,1
Grant Atkins,6.269,14.0,2.0,1
Gavin Badger,-5.731,12.0,2.0,1
Alan Shortall,-1.731,20.0,-2.0,1
Ashley Klein,-4.731,16.0,-2.0,0
Henry Perenara,-9.731,17.0,5.0,0
Ashley Klein,6.269,9.0,1.0,1
Matt Cecchin,-18.731,6.0,-2.0,1
Grant Atkins,-5.731,14.0,-2.0,1
Henry Perenara,-10.731,18.0,0.0,0
Ben Cummins,-17.731,11.0,1.0,0
Jared Maxwell,16.269,7.0,-1.0,0
Gavin Badger,10.269,15.0,-1.0,1
Alan Shortall,-5.731,17.0,-5.0,0
Ben Cummins,-21.731,7.0,5.0,0
Matt Cecchin,-22.731,14.0,0.0,1
Henry Perenara,0.269,9.0,-3.0,0
Ashley Klein,2.269,18.0,4.0,0
Grant Atkins,-12.731,20.0,6.0,1
Jared Maxwell,-3.731,7.0,1.0,0
Alan Shortall,-1.731,14.0,0.0,1
Gavin Badger,14.269,13.0,1.0,1
Ashley Klein,-5.731,18.0,2.0,1
Alan Shortall,12.269,11.0,1.0,1
Gavin Badger,-4.731,14.0,4.0,0
Henry Perenara,21.269,12.0,-2.0,0
Gerard Sutton,8.269,7.0,3.0,1
Adam Devcich,6.269,16.0,4.0,0
Jared Maxwell,-9.731,12.0,0.0,1
Matt Cecchin,-11.731,18.0,-2.0,1
Gerard Sutton,-11.731,12.0,-2.0,1
Jared Maxwell,8.269,12.0,2.0,1
Grant Atkins,-9.731,21.0,-3.0,0
Henry Perenara,14.269,10.0,-2.0,0
Ashley Klein,-1.731,9.0,3.0,1
Alan Shortall,4.269,19.0,1.0,1
Matt Cecchin,6.269,10.0,0.0,1
Gavin Badger,-23.731,13.0,5.0,1
Jared Maxwell,-1.731,14.0,2.0,0
Gavin Badger,0.269,11.0,1.0,0
Ben Cummins,32.269,12.0,2.0,0
Grant Atkins,-12.731,16.0,2.0,0
Matt Cecchin,7.269,18.0,6.0,1
Alan Shortall,18.269,10.0,-2.0,0
Henry Perenara,4.269,16.0,2.0,0
Gavin Reynolds,6.269,9.0,1.0,1
Ben Cummins,-3.731,12.0,0.0,1
Gavin Badger,-3.731,12.0,-4.0,0
Henry Perenara,12.269,8.0,2.0,1
Matt Cecchin,6.269,15.0,1.0,1
Alan Shortall,-9.731,11.0,-1.0,1
Jared Maxwell,20.269,17.0,5.0,0
Gavin Reynolds,16.269,11.0,3.0,0
Grant Atkins,0.269,16.0,-4.0,1
Gavin Badger,30.269,12.0,4.0,1
Matt Cecchin,-11.731,14.0,0.0,0
Ben Cummins,-15.731,9.0,3.0,1
Jared Maxwell,-1.731,12.0,4.0,1
Matt Cecchin,4.269,14.0,2.0,1
Ben Cummins,-7.731,16.0,2.0,1
Ben Cummins,10.269,14.0,2.0,1
Matt Cecchin,-15.731,18.0,4.0,1
Matt Cecchin,-15.731,8.0,2.0,1
Matt Cecchin,3.264,15.0,-5.0,0
Gerard Sutton,-22.736,15.0,3.0,0
Ashley Klein,11.264,8.0,0.0,0
Henry Perenara,11.264,11.0,3.0,1
Ben Cummins,-4.736,15.0,7.0,1
Gavin Badger,9.264,13.0,3.0,0
Alan Shortall,7.264,9.0,-3.0,1
Grant Atkins,-8.736,12.0,-2.0,0
Ben Cummins,11.264,7.0,-3.0,1
Grant Atkins,-4.736,17.0,1.0,0
Matt Cecchin,0.264,10.0,4.0,0
Henry Perenara,19.264,10.0,2.0,1
Gavin Badger,15.264,11.0,-5.0,0
Ashley Klein,17.264,15.0,3.0,0
Gerard Sutton,-2.736,13.0,5.0,0
David Munro,9.264,13.0,3.0,0
Gerard Sutton,-14.736,20.0,6.0,1
Gavin Badger,-4.736,14.0,0.0,1
Ashley Klein,-0.736,14.0,2.0,1
David Munro,1.264,11.0,1.0,0
Grant Atkins,-14.736,19.0,-1.0,0
Henry Perenara,-2.736,19.0,1.0,0
Matt Cecchin,11.264,16.0,2.0,1
Ben Cummins,-14.736,12.0,-6.0,0
Alan Shortall,-14.736,10.0,2.0,0
Henry Perenara,-0.736,18.0,2.0,1
Ashley Klein,-15.736,10.0,-2.0,1
Gavin Badger,-4.736,13.0,3.0,1
Matt Cecchin,-14.736,18.0,2.0,0
Grant Atkins,17.264,16.0,2.0,0
Ben Cummins,-4.736,6.0,4.0,0
David Munro,-2.736,14.0,2.0,1
Matt Cecchin,-23.736,14.0,2.0,1
Ben Cummins,-10.736,11.0,1.0,0
Gavin Badger,-14.736,8.0,2.0,1
Grant Atkins,-3.736,10.0,4.0,1
Alan Shortall,7.264,10.0,2.0,1
Ashley Klein,-6.736,18.0,-6.0,1
Gavin Reynolds,9.264,9.0,1.0,1
Henry Perenara,-6.736,17.0,-1.0,0
Alan Shortall,-0.736,10.0,6.0,1
Gavin Reynolds,-6.736,13.0,-3.0,0
Ben Cummins,0.264,11.0,-3.0,0
Gavin Badger,4.264,9.0,-1.0,0
Ashley Klein,17.264,10.0,-4.0,0
Grant Atkins,1.264,12.0,6.0,0
Henry Perenara,-8.736,15.0,1.0,1
Matt Cecchin,-27.736,16.0,2.0,0
Matt Cecchin,-7.736,22.0,2.0,1
Gavin Badger,-10.736,6.0,4.0,0
Grant Atkins,5.264,7.0,1.0,1
Ashley Klein,15.264,14.0,0.0,0
Gavin Reynolds,-12.736,13.0,5.0,1
Henry Perenara,9.264,10.0,0.0,1
Gerard Sutton,-10.736,16.0,0.0,0
Ben Cummins,7.264,7.0,-1.0,1
Grant Atkins,-2.736,22.0,0.0,0
Ashley Klein,8.264,14.0,-4.0,0
Gavin Badger,-10.736,11.0,-1.0,1
Gavin Reynolds,-4.736,18.0,2.0,1
Henry Perenara,-12.736,16.0,-2.0,0
Gerard Sutton,-10.736,13.0,3.0,1
Matt Cecchin,-15.736,14.0,4.0,1
Ben Cummins,-6.736,13.0,3.0,1
Gerard Sutton,9.264,9.0,-5.0,1
Gavin Badger,13.264,12.0,2.0,0
Grant Atkins,-8.736,14.0,2.0,0
Alan Shortall,5.264,13.0,1.0,1
Henry Perenara,-14.736,9.0,-1.0,1
Ben Cummins,-2.736,9.0,5.0,0
Ashley Klein,-13.736,9.0,5.0,1
Matt Cecchin,15.264,15.0,5.0,0
Matt Cecchin,3.264,18.0,2.0,0
Gerard Sutton,-8.736,11.0,3.0,0
Henry Perenara,-4.736,10.0,-2.0,0
Ben Cummins,23.264,7.0,3.0,1
Alan Shortall,33.264,13.0,-1.0,0
Ashley Klein,-2.736,10.0,0.0,0
Gavin Badger,13.264,15.0,1.0,1
Gavin Reynolds,17.264,8.0,4.0,1
Ashley Klein,-8.736,8.0,0.0,1
Henry Perenara,3.264,9.0,1.0,0
Gavin Reynolds,-4.736,7.0,3.0,1
Matt Cecchin,-0.736,15.0,1.0,0
Ben Cummins,-2.736,12.0,2.0,0
Chris James,9.264,18.0,-2.0,0
Alan Shortall,1.264,9.0,3.0,0
Gavin Badger,-20.736,12.0,4.0,0
Alan Shortall,-2.736,15.0,5.0,0
Gavin Reynolds,-2.736,5.0,1.0,1
Gavin Badger,-23.736,13.0,3.0,1
Henry Perenara,-0.736,15.0,-3.0,1
Gavin Reynolds,11.264,12.0,4.0,1
Ashley Klein,15.264,16.0,2.0,1
Gavin Badger,-12.736,10.0,-2.0,1
Ben Cummins,-6.736,12.0,-4.0,1
Henry Perenara,-12.736,15.0,5.0,1
Gerard Sutton,0.264,9.0,-3.0,1
Alan Shortall,-2.736,18.0,-4.0,0
Matt Cecchin,-9.736,15.0,3.0,0
Ashley Klein,-8.736,17.0,-1.0,1
Gerard Sutton,1.264,12.0,0.0,1
David Munro,5.264,9.0,-3.0,0
Henry Perenara,3.264,17.0,-3.0,1
Gavin Reynolds,-2.736,11.0,-3.0,0
Alan Shortall,17.264,9.0,1.0,0
Gavin Badger,-22.736,12.0,0.0,1
Ashley Klein,15.264,14.0,2.0,1
Ben Cummins,4.264,18.0,-4.0,1
Henry Perenara,5.264,11.0,-3.0,1
Grant Atkins,-6.736,6.0,-4.0,1
Ashley Klein,-5.736,10.0,-2.0,1
Gavin Badger,-0.736,9.0,1.0,0
Grant Atkins,-14.736,17.0,5.0,1
Henry Perenara,9.264,10.0,0.0,0
Matt Cecchin,8.264,12.0,2.0,1
Gavin Reynolds,19.264,14.0,0.0,1
Ben Cummins,12.264,12.0,6.0,0
Henry Perenara,-15.736,13.0,-1.0,1
Grant Atkins,-10.736,18.0,4.0,1
Ashley Klein,13.264,10.0,-2.0,0
Chris James,15.264,11.0,-1.0,0
Gavin Badger,7.264,10.0,-2.0,1
Ben Cummins,8.264,9.0,-1.0,0
Alan Shortall,4.264,11.0,-1.0,0
Matt Cecchin,15.264,14.0,2.0,1
Ashley Klein,-14.736,15.0,1.0,1
Henry Perenara,-16.736,18.0,10.0,1
Gavin Badger,-12.736,11.0,3.0,0
Ben Cummins,-2.736,13.0,-3.0,1
Alan Shortall,15.264,7.0,1.0,0
Grant Atkins,-8.736,15.0,3.0,1
Chris James,15.264,9.0,3.0,0
Ashley Klein,-0.736,10.0,-2.0,1
Gerard Sutton,3.264,12.0,4.0,1
Gavin Badger,-7.736,13.0,-3.0,0
Grant Atkins,13.264,13.0,5.0,1
Chris James,-8.736,13.0,-1.0,1
Ben Cummins,-2.736,17.0,1.0,1
Gavin Badger,-0.736,15.0,1.0,1
Matt Cecchin,-6.736,18.0,0.0,0
Henry Perenara,-4.736,15.0,1.0,1
Ashley Klein,33.264,16.0,2.0,1
Adam Gee,-7.736,15.0,-1.0,0
Ben Cummins,-16.736,10.0,-2.0,1
Matt Cecchin,-2.736,18.0,-2.0,0
Ashley Klein,1.264,15.0,3.0,1
Gavin Badger,-5.736,8.0,2.0,1
Henry Perenara,9.264,19.0,1.0,0
Grant Atkins,-2.736,16.0,2.0,1
Gerard Sutton,5.264,14.0,0.0,1
Chris James,-10.736,11.0,1.0,0
Gavin Reynolds,-16.736,14.0,0.0,0
Ben Cummins,9.264,8.0,4.0,0
Ashley Klein,-6.736,16.0,2.0,0
Chris James,-4.736,17.0,3.0,1
Henry Perenara,13.264,14.0,4.0,0
Gerard Sutton,1.264,21.0,-3.0,0
Matt Cecchin,13.264,11.0,3.0,1
Gavin Badger,1.264,14.0,4.0,1
Gavin Badger,1.264,10.0,2.0,1
Henry Perenara,-1.736,12.0,2.0,0
Ben Cummins,1.264,12.0,2.0,1
Ashley Klein,17.264,17.0,3.0,1
Gerard Sutton,-11.736,17.0,5.0,1
Matt Cecchin,-0.736,14.0,-2.0,1
Gavin Reynolds,11.264,10.0,2.0,0
Chris James,15.264,15.0,1.0,1
Gavin Badger,-2.736,17.0,1.0,1
Chris Sutton,13.264,15.0,3.0,1
Matt Cecchin,-4.736,10.0,-6.0,1
Adam Gee,15.264,16.0,2.0,0
Henry Perenara,-0.736,10.0,0.0,1
Gerard Sutton,1.264,18.0,0.0,0
Ashley Klein,7.264,11.0,5.0,0
Gavin Badger,5.264,11.0,-1.0,1
Ashley Klein,45.264,12.0,8.0,0
Grant Atkins,33.264,23.0,1.0,1
Ben Cummins,-4.736,13.0,-1.0,0
Chris James,-0.736,9.0,-5.0,0
Henry Perenara,29.264,13.0,5.0,1
Matt Cecchin,-10.736,13.0,3.0,0
Gavin Badger,2.264,10.0,-2.0,0
Ben Cummins,-10.736,14.0,-2.0,0
Gerard Sutton,-10.736,11.0,7.0,0
Gavin Badger,-2.736,14.0,-4.0,1
Ben Cummins,-4.736,21.0,3.0,1
Matt Cecchin,-0.736,12.0,0.0,1
David Munro,-2.736,17.0,-1.0,1
Henry Perenara,3.264,17.0,1.0,0
Ashley Klein,5.264,11.0,5.0,0
Adam Gee,3.264,10.0,0.0,1
Matt Cecchin,5.264,8.0,2.0,1
Ben Cummins,-6.736,14.0,4.0,1
Gerard Sutton,-8.736,15.0,-1.0,0
Gavin Badger,-11.736,16.0,-6.0,0
Gerard Sutton,-21.736,13.0,-3.0,1
Matt Cecchin,-0.736,6.0,2.0,0
Matt Cecchin,-10.736,7.0,3.0,1
Gerard Sutton,4.264,7.0,-3.0,0
Matt Cecchin,-0.736,8.0,-2.0,1
Matt Cecchin,5.443,,,1
Gavin Reynolds,-3.557,,,1
Gerard Sutton,-6.557,,,1
Gavin Badger,-22.557,,,1
Grant Atkins,11.443,,,0
Ben Cummins,13.443,,,0
Ashley Klein,-2.557,,,1
Henry Perenara,17.443,,,1
Gavin Badger,-4.557,,,0
Gerard Sutton,1.443,,,1
Ben Cummins,3.443,,,1
Gavin Reynolds,-12.557,,,1
Henry Perenara,-8.557,,,1
Grant Atkins,-22.557,,,0
Matt Cecchin,13.443,,,1
Ashley Klein,17.443,,,0
Matt Cecchin,3.443,,,1
Gavin Reynolds,-2.557,,,1
Ashley Klein,-24.557,,,0
Grant Atkins,-1.557,,,0
Gavin Badger,-0.557,,,1
Ben Cummins,-22.557,,,0
Henry Perenara,21.443,,,0
Alan Shortall,5.443,,,1
Gavin Badger,6.443,,,0
Ben Cummins,-4.557,,,1
Matt Cecchin,-22.557,,,1
Henry Perenara,-4.557,,,0
Tim Roby,7.443,,,1
Grant Atkins,1.443,,,1
Chris Sutton,-0.557,,,0
Gavin Badger,9.443,,,1
Alan Shortall,-4.557,,,1
Ben Cummins,-2.557,,,0
Gavin Badger,-12.557,,,1
Adam Gee,-19.557,,,1
Matt Cecchin,-6.557,,,1
Chris Sutton,-15.557,,,1
Ashley Klein,11.443,,,1
Henry Perenara,-22.557,,,0
Alan Shortall,-0.557,,,0
Gerard Sutton,13.443,,,1
Gavin Badger,19.443,,,1
Adam Gee,4.443,,,0
Henry Perenara,-3.557,,,0
Matt Cecchin,-20.557,,,1
Chris Sutton,6.443,,,1
Ben Cummins,9.443,,,0
Gerard Sutton,-34.557,,,0
Henry Perenara,-8.557,,,1
Gavin Badger,13.443,,,0
Adam Gee,23.443,,,1
Chris Butler,1.443,,,0
Alan Shortall,-0.557,,,1
Chris Sutton,13.443,,,1
Matt Cecchin,7.443,,,1
Gavin Badger,-8.557,,,1
Gerard Sutton,19.443,,,1
Ben Cummins,3.443,,,0
Adam Gee,-10.557,,,0
Alan Shortall,-4.557,,,1
Chris Butler,-21.557,,,0
Henry Perenara,-14.557,,,0
Matt Cecchin,5.443,,,1
Gerard Sutton,1.443,,,1
Gavin Badger,13.443,,,0
Ashley Klein,5.443,,,0
Alan Shortall,9.443,,,1
Ben Cummins,-10.557,,,1
Adam Gee,1.443,,,1
Matt Cecchin,7.443,,,1
Henry Perenara,1.443,,,1
Gerard Sutton,-8.557,,,1
Alan Shortall,6.443,,,0
Ashley Klein,-8.557,,,1
Matt Cecchin,-8.557,,,0
Gavin Badger,1.443,,,1
Grant Atkins,21.443,,,1
Adam Gee,-6.557,,,1
Henry Perenara,-0.557,,,0
Ben Cummins,-22.557,,,1
Gavin Reynolds,-2.557,,,0
Gavin Badger,9.443,,,1
Grant Atkins,18.443,,,1
Chris Sutton,-1.557,,,0
Henry Perenara,-12.557,,,0
Ashley Klein,2.443,,,1
Matt Cecchin,-2.557,,,1
Ashley Klein,-12.557,,,1
Alan Shortall,0.443,,,1
Matt Cecchin,-27.557,,,0
Ben Cummins,7.443,,,1
Grant Atkins,-0.557,,,0
Gerard Sutton,-10.557,,,1
Gavin Reynolds,17.443,,,0
Henry Perenara,-16.557,,,1
Ben Cummins,-2.557,,,0
Henry Perenara,-4.557,,,1
Gavin Reynolds,-6.557,,,0
Grant Atkins,-10.557,,,1
Henry Perenara,4.443,,,0
Grant Atkins,-6.557,,,0
Gavin Reynolds,7.443,,,0
Alan Shortall,-6.557,,,0
Gavin Badger,-6.557,,,1
Adam Gee,-0.557,,,1
Ben Cummins,7.443,,,1
Matt Cecchin,-6.557,,,0
Gerard Sutton,25.443,,,0
Henry Perenara,-1.557,,,0
Ashley Klein,-2.557,,,1
Gavin Reynolds,1.443,,,0
Alan Shortall,-0.557,,,1
Matt Cecchin,-4.557,,,0
Adam Gee,-2.557,,,0
Gavin Badger,19.443,,,0
Ben Cummins,-2.557,,,1
Adam Gee,-7.557,,,0
Gavin Badger,-23.557,,,0
Gerard Sutton,-12.557,,,0
Henry Perenara,11.443,,,0
Alan Shortall,7.443,,,1
Gavin Reynolds,1.443,,,0
Matt Cecchin,0.443,,,1
Matt Cecchin,41.443,,,1
Ben Cummins,-0.557,,,1
Gavin Badger,19.443,,,0
Henry Perenara,-6.557,,,0
Matt Cecchin,-4.557,,,0
Tim Roby,-6.557,,,1
Gavin Badger,-10.557,,,0
Gavin Reynolds,-13.557,,,0
Henry Perenara,9.443,,,1
Grant Atkins,-8.557,,,0
Ben Cummins,-4.557,,,0
Chris Butler,-8.557,,,0
Henry Perenara,-18.557,,,1
Gerard Sutton,11.443,,,1
Ashley Klein,27.443,,,1
Gavin Badger,13.443,,,1
Matt Cecchin,-12.557,,,1
Adam Gee,-6.557,,,0
Ben Cummins,-22.557,,,0
Grant Atkins,39.443,,,0
Grant Atkins,-18.557,,,1
Henry Perenara,-2.557,,,1
Matt Cecchin,-20.557,,,1
Gavin Badger,11.443,,,0
Alan Shortall,5.443,,,1
Adam Gee,13.443,,,1
Gerard Sutton,7.443,,,1
Ashley Klein,13.443,,,1
Ben Cummins,17.443,,,1
Grant Atkins,0.443,,,0
Ashley Klein,9.443,,,1
Gerard Sutton,-10.557,,,0
Tim Roby,-0.557,,,1
Alan Shortall,5.443,,,1
Henry Perenara,24.443,,,0
Matt Cecchin,30.443,,,1
Grant Atkins,23.443,,,1
Matt Cecchin,-16.557,,,1
Gerard Sutton,-8.557,,,0
Henry Perenara,-7.557,,,0
Tim Roby,-16.557,,,1
Adam Gee,3.443,,,1
Ben Cummins,1.443,,,0
Ashley Klein,-9.557,,,0
Ashley Klein,15.443,,,1
Gavin Reynolds,35.443,,,0
Gerard Sutton,-16.557,,,1
Ben Cummins,-8.557,,,0
Grant Atkins,-10.557,,,0
Matt Cecchin,3.443,,,1
Gavin Badger,12.443,,,1
Henry Perenara,-14.557,,,1
Matt Cecchin,1.443,,,1
Ashley Klein,11.443,,,1
Grant Atkins,9.443,,,1
Gavin Reynolds,-4.557,,,1
Gavin Badger,-22.557,,,0
Gerard Sutton,-10.557,,,0
Jon Stone,9.443,,,1
Henry Perenara,-2.557,,,0
Ashley Klein,20.443,,,1
Matt Cecchin,-4.557,,,1
Gerard Sutton,-2.557,,,0
Henry Perenara,-2.557,,,0
Gavin Badger,15.443,,,0
Gavin Reynolds,13.443,,,0
Grant Atkins,7.443,,,0
Ben Cummins,23.443,,,1
Ashley Klein,16.443,,,1
Henry Perenara,-1.557,,,1
Ben Cummins,-7.557,,,1
Grant Atkins,25.443,,,0
Ashley Klein,0.443,,,1
Ben Cummins,-15.557,,,1
Ben Cummins,-12.557,,,1
Ashley Klein,-24.557,,,1
Ashley Klein,-13.557,,,1
Gerard Sutton,-5.328,,,1
Peter Gough,-17.328,,,1
Gavin Badger,2.672,,,0
Tim Roby,6.672,,,1
Adam Gee,-13.328,,,1
Ben Cummins,-3.328,,,1
Ashley Klein,-7.328,,,0
David Munro,-18.328,,,0
Gerard Sutton,12.672,,,0
Adam Gee,-7.328,,,0
Gavin Badger,-0.328,,,1
Tim Roby,-13.328,,,1
David Munro,-9.328,,,0
Matt Cecchin,4.672,,,0
Ben Cummins,12.672,,,0
Ashley Klein,0.672,,,1
Ben Cummins,9.672,,,0
Tim Roby,-12.328,,,1
Gerard Sutton,10.672,,,0
David Munro,18.672,,,1
Matt Cecchin,18.672,,,0
Ashley Klein,-5.328,,,0
Gavin Badger,-9.328,,,0
Chris Butler,8.672,,,1
Ashley Klein,0.672,,,1
Peter Gough,-3.328,,,1
Gerard Sutton,-22.328,,,1
Grant Atkins,-14.328,,,1
Gavin Badger,2.672,,,0
Chris Sutton,-3.328,,,1
Ben Cummins,-5.328,,,1
Matt Cecchin,-14.328,,,0
Ben Cummins,-1.328,,,0
David Munro,14.672,,,1
Gavin Badger,-9.328,,,0
Chris Sutton,12.672,,,1
Peter Gough,4.672,,,0
Matt Cecchin,6.672,,,0
Ashley Klein,4.672,,,1
Henry Perenara,-20.328,,,1
Ben Cummins,4.672,,,1
Henry Perenara,-19.328,,,0
Ashley Klein,1.672,,,0
Peter Gough,-12.328,,,0
David Munro,-17.328,,,1
Chris Sutton,12.672,,,1
Matt Cecchin,8.672,,,1
Gerard Sutton,17.672,,,1
Ben Cummins,-9.328,,,1
Matt Cecchin,-14.328,,,1
Chris Sutton,-3.328,,,1
Ashley Klein,0.672,,,0
Peter Gough,4.672,,,1
Henry Perenara,-4.328,,,1
Gerard Sutton,4.672,,,1
Grant Atkins,2.672,,,1
Gerard Sutton,4.672,,,1
Gavin Badger,2.672,,,1
Ben Cummins,-1.328,,,1
David Munro,2.672,,,1
Henry Perenara,-11.328,,,1
Matt Cecchin,14.672,,,1
Chris Sutton,14.672,,,0
Ashley Klein,10.672,,,1
David Munro,4.672,,,0
Chris Sutton,-5.328,,,1
Ben Cummins,-3.328,,,0
Matt Cecchin,-7.328,,,0
Gavin Badger,4.672,,,1
Henry Perenara,34.672,,,1
Gerard Sutton,14.672,,,1
Ashley Klein,8.672,,,1
Gavin Badger,6.672,,,1
Henry Perenara,0.672,,,0
David Munro,-14.328,,,1
Peter Gough,-1.328,,,0
Chris Sutton,-12.328,,,1
Ben Cummins,-11.328,,,0
Gerard Sutton,17.672,,,0
Matt Cecchin,-1.328,,,0
David Munro,-13.328,,,0
Matt Cecchin,14.672,,,0
Ben Cummins,10.672,,,1
Henry Perenara,-1.328,,,0
Ashley Klein,-29.328,,,0
Gerard Sutton,8.672,,,1
Chris Sutton,-5.328,,,0
Gavin Badger,-8.328,,,0
Ben Cummins,-12.328,,,1
Gavin Badger,0.672,,,1
David Munro,-17.328,,,0
Henry Perenara,-29.328,12.0,2.0,0
David Munro,-7.328,,,0
Matt Cecchin,-11.328,,,0
Henry Perenara,2.672,,,0
Chris Butler,24.672,,,1
Gavin Badger,2.672,,,0
Chris Sutton,4.672,,,0
Ben Cummins,-10.328,,,1
Gerard Sutton,8.672,,,0
Ashley Klein,2.672,,,1
Grant Atkins,4.672,,,0
Ben Cummins,13.672,,,0
Gavin Badger,-1.328,,,1
Adam Gee,-2.328,,,0
Henry Perenara,8.672,,,1
Chris Sutton,8.672,,,1
Matt Cecchin,10.672,,,1
Gavin Badger,-16.328,,,1
Henry Perenara,-3.328,,,1
Grant Atkins,-13.328,,,0
Chris Sutton,2.672,,,0
Ashley Klein,-1.328,,,1
Matt Cecchin,-1.328,,,1
Gerard Sutton,-2.328,,,0
Ben Cummins,-13.328,,,1
Ben Cummins,-9.328,,,0
Henry Perenara,0.672,,,0
Gavin Badger,4.672,,,0
Matt Cecchin,6.672,,,0
Henry Perenara,-13.328,,,1
Matt Cecchin,-5.328,,,0
Grant Atkins,1.672,,,1
Chris Sutton,-3.328,,,0
Ben Cummins,16.672,,,1
Peter Gough,-12.328,14.0,0.0,0
Gerard Sutton,8.672,,,0
Ashley Klein,10.672,,,0
Ben Cummins,-5.328,,,1
Henry Perenara,-2.328,,,1
Grant Atkins,18.672,,,1
Gavin Badger,18.672,,,1
Adam Gee,-7.328,,,1
Chris Sutton,8.672,,,0
David Munro,16.672,,,0
Matt Cecchin,20.672,,,1
Matt Cecchin,-9.328,,,1
Henry Perenara,14.672,,,0
Gerard Sutton,-3.328,,,1
Chris Sutton,6.672,,,1
Ben Cummins,6.672,,,0
Grant Atkins,-18.328,,,0
Adam Gee,-7.328,,,0
Ashley Klein,8.672,,,0
Grant Atkins,-7.328,,,1
Matt Cecchin,18.672,,,0
Gerard Sutton,4.672,,,0
Henry Perenara,-3.328,,,1
Ben Cummins,-15.328,,,1
David Munro,23.672,,,1
Ashley Klein,-23.328,,,0
Peter Gough,24.672,,,1
Matt Cecchin,-7.328,,,0
Ben Cummins,0.672,,,1
Grant Atkins,6.672,,,1
Henry Perenara,28.672,,,1
Adam Gee,-5.328,,,1
Chris Butler,-5.328,,,1
Ashley Klein,0.672,,,0
Gerard Sutton,2.672,,,0
Gerard Sutton,4.672,,,1
Gavin Badger,8.672,,,0
Ashley Klein,-3.328,,,1
Grant Atkins,8.672,,,1
Ben Cummins,0.672,,,0
Henry Perenara,-19.328,13.0,1.0,0
Adam Gee,-9.328,,,1
Matt Cecchin,8.672,,,1
Grant Atkins,-21.328,,,0
Matt Cecchin,-5.328,,,1
Henry Perenara,2.672,,,0
Gavin Badger,18.672,,,1
Adam Gee,10.672,,,1
Chris Sutton,6.672,,,0
David Munro,-7.328,,,1
Ashley Klein,-7.328,,,0
Chris Sutton,-16.328,,,1
David Munro,1.672,,,0
Ashley Klein,-6.328,,,1
Gavin Badger,2.672,,,1
Ben Cummins,2.672,,,0
Henry Perenara,-11.328,,,1
Gerard Sutton,-10.328,,,0
Matt Cecchin,16.672,,,0
Ashley Klein,-13.328,,,1
Gerard Sutton,8.672,,,1
Henry Perenara,0.672,,,1
Matt Cecchin,4.672,,,0
Grant Atkins,4.672,,,1
Gavin Badger,0.672,,,0
Ben Cummins,-6.328,,,0
Adam Gee,24.672,,,1
Gerard Sutton,-3.328,,,1
Ashley Klein,-17.328,,,0
Henry Perenara,4.672,,,1
Ben Cummins,18.672,,,1
Gerard Sutton,20.672,,,1
Ben Cummins,-7.328,,,1
Ben Cummins,-13.328,,,1
Gerard Sutton,-19.328,,,1
Ben Cummins,-17.328,,,1
Grant Atkins,-32.254,,,1
David Munro,-12.254,,,1
Gavin Badger,6.746,,,0
Henry Perenara,-22.254,,,1
Ben Cummins,-2.254,,,1
Adam Gee,-8.254,,,1
Matt Cecchin,-20.254,,,0
Ashley Klein,-4.254,,,0
Adam Gee,-2.254,,,0
Matt Cecchin,17.746,,,0
Grant Atkins,-2.254,,,1
David Munro,-16.254,,,0
Ben Cummins,-25.254,,,0
Ashley Klein,-20.254,,,0
Gavin Badger,23.746,,,0
Henry Perenara,9.746,,,0
Gerard Sutton,-2.254,,,0
Henry Perenara,-0.254,,,1
Ashley Klein,-2.254,,,1
Chris Sutton,-24.254,,,1
Adam Gee,1.746,,,0
Grant Atkins,-14.254,,,0
Ben Cummins,-14.254,,,0
Matt Cecchin,-4.254,,,1
Grant Atkins,16.746,,,0
Matt Cecchin,-16.254,,,1
Gerard Sutton,-12.254,,,1
Ben Cummins,-7.254,,,1
Chris Sutton,-0.254,,,0
Ashley Klein,9.746,,,0
Adam Gee,8.746,,,1
Henry Perenara,-18.254,,,1
Ashley Klein,-4.254,,,1
Adam Gee,20.746,,,1
Gerard Sutton,-16.254,,,1
Matt Cecchin,1.746,,,1
Chris Sutton,-22.254,,,0
Ben Cummins,-4.254,,,0
Henry Perenara,3.746,,,1
Grant Atkins,5.746,,,0
Gerard Sutton,-9.254,,,1
Matt Cecchin,9.746,,,1
Ashley Klein,-7.254,,,1
Chris Sutton,-14.254,,,0
Henry Perenara,13.746,,,1
Ben Cummins,-8.254,,,1
Grant Atkins,-22.254,,,0
Adam Gee,-4.254,,,1
Gerard Sutton,-10.254,,,1
Ben Cummins,13.746,,,1
Grant Atkins,-4.254,,,1
Matt Cecchin,9.746,,,1
Peter Gough,-0.254,,,0
Ashley Klein,6.746,,,1
Adam Gee,19.746,,,0
Henry Perenara,-2.254,,,0
Ashley Klein,9.746,,,1
Matt Cecchin,-4.254,,,1
Ben Cummins,3.746,,,1
Chris Sutton,7.746,,,0
Chris Butler,-0.254,,,1
Adam Gee,-11.254,,,0
Grant Atkins,-16.254,,,0
Peter Gough,-6.254,,,0
Adam Gee,15.746,,,0
Chris Butler,-14.254,,,1
Ben Cummins,-14.254,,,1
Ashley Klein,37.746,,,0
Chris Sutton,-8.254,,,1
Grant Atkins,-8.254,,,0
Gerard Sutton,-28.254,,,0
Matt Cecchin,-4.254,,,1
Gerard Sutton,1.746,,,0
Chris Sutton,5.746,,,1
Adam Gee,5.746,,,1
Henry Perenara,7.746,,,1
Grant Atkins,-4.254,,,0
Ashley Klein,-2.254,,,1
Matt Cecchin,13.746,,,0
Ben Cummins,-10.254,,,1
Gerard Sutton,-0.254,,,1
Henry Perenara,-6.254,,,0
Ben Cummins,11.746,,,0
Chris Sutton,-14.254,,,0
Grant Atkins,9.746,,,1
Ashley Klein,-12.254,,,1
Matt Cecchin,-12.254,,,0
Adam Gee,-6.254,,,0
Ashley Klein,13.746,,,0
Peter Gough,3.746,,,0
Matt Cecchin,19.746,,,0
Henry Perenara,-12.254,,,1
Ben Cummins,-16.254,,,0
Gerard Sutton,11.746,,,0
Chris Sutton,-8.254,,,0
Adam Gee,-0.254,,,1
Ashley Klein,-2.254,,,0
Henry Perenara,5.746,,,0
Grant Atkins,-4.254,,,1
Peter Gough,8.746,,,1
Matt Cecchin,5.746,,,1
Gerard Sutton,-2.254,,,1
Chris Sutton,-2.254,,,1
Ben Cummins,-16.254,,,0
Gerard Sutton,-12.254,,,0
Grant Atkins,-16.254,,,0
Adam Gee,-12.254,,,0
Henry Perenara,5.746,,,1
Chris Butler,18.746,,,0
Chris Sutton,1.746,,,1
Ashley Klein,7.746,,,1
Matt Cecchin,14.746,,,1
Ben Cummins,-28.254,,,1
Ashley Klein,7.746,,,1
Henry Perenara,9.746,,,0
Chris Butler,9.746,,,0
Grant Atkins,11.746,,,0
Gerard Sutton,29.746,,,1
Peter Gough,-8.254,,,0
Adam Gee,-30.254,,,1
Gerard Sutton,-4.254,,,0
Henry Perenara,-18.254,,,0
Adam Gee,27.746,,,1
Matt Cecchin,-0.254,,,1
Chris Sutton,-2.254,,,1
Ben Cummins,-6.254,,,1
Grant Atkins,-6.254,,,1
Chris Butler,11.746,,,1
Matt Cecchin,-5.254,,,0
Ben Cummins,5.746,,,1
Ashley Klein,-4.254,,,0
Chris Sutton,-10.254,,,0
Henry Perenara,23.746,,,0
Gerard Sutton,-18.254,,,0
Grant Atkins,-0.254,,,0
Adam Gee,2.746,,,1
Ben Cummins,7.746,,,0
Matt Noyen,9.746,,,0
Gerard Sutton,-20.254,,,1
Matt Cecchin,2.746,,,0
Henry Perenara,-18.254,,,1
Ashley Klein,11.746,,,1
Grant Atkins,13.746,,,1
Matt Cecchin,-6.254,,,1
Ashley Klein,-0.254,,,0
Matt Cecchin,1.746,,,0
Henry Perenara,-4.254,,,1
David Munro,23.746,,,0
Gerard Sutton,29.746,,,1
Ben Cummins,9.746,,,1
Chris Sutton,-2.254,,,1
Grant Atkins,17.746,,,1
Grant Atkins,5.746,,,0
Chris Sutton,-0.254,,,1
Gerard Sutton,25.746,,,1
Henry Perenara,-0.254,,,0
Ashley Klein,23.746,,,0
Ben Cummins,9.746,,,0
Adam Gee,25.746,,,1
Matt Cecchin,9.746,,,1
Gerard Sutton,14.746,,,1
Grant Atkins,9.746,,,1
Ashley Klein,17.746,,,1
Ben Cummins,23.746,,,1
Ashley Klein,-2.254,,,0
Gerard Sutton,19.746,,,0
Ashley Klein,-2.254,,,1
Gerard Sutton,-6.254,,,1
Gerard Sutton,3.746,,,0
Grant Atkins,-1.866,,,1
Ben Cummins,2.134,,,1
Adam Gee,-5.866,,,0
Ashley Klein,-20.866,,,1
Chris Sutton,4.134,,,1
Matt Cecchin,-21.866,,,1
Gerard Sutton,-3.866,,,1
Peter Gough,4.134,,,0
Ashley Klein,-17.866,,,1
Grant Atkins,-9.866,,,0
Matt Cecchin,-1.866,,,1
Peter Gough,-17.866,,,0
Gerard Sutton,-7.866,,,0
Ben Cummins,-2.866,,,0
Adam Gee,0.134,,,0
Chris Sutton,-23.866,,,0
Grant Atkins,-23.866,,,1
Chris Sutton,4.134,,,1
Ashley Klein,-3.866,,,1
Henry Perenara,19.134,,,0
Ben Cummins,-21.866,,,1
Adam Gee,-13.866,,,1
Gerard Sutton,-1.866,,,0
Peter Gough,6.134,,,0
Matt Cecchin,6.134,,,0
Grant Atkins,-7.866,,,0
Gerard Sutton,0.134,,,1
Adam Gee,-21.866,,,0
Chris Sutton,12.134,,,1
Peter Gough,-10.866,,,0
Ben Cummins,-1.866,,,1
Ashley Klein,12.134,,,0
Ben Cummins,-4.866,9.0,3.0,1
Chris Butler,-20.866,,,0
Gerard Sutton,-5.866,,,1
Ashley Klein,12.134,,,1
Chris Sutton,24.134,,,0
Adam Gee,-1.866,,,1
Matt Cecchin,18.134,,,0
Grant Atkins,-7.866,,,0
Grant Atkins,-13.866,,,0
Matt Cecchin,2.134,,,1
Adam Gee,-21.866,,,1
Chris Butler,-9.866,,,1
Gerard Sutton,-13.866,,,1
Ben Cummins,-0.866,,,0
Chris Sutton,-11.866,,,0
Ashley Klein,2.134,,,1
Gerard Sutton,-15.866,,,1
Chris Sutton,24.134,,,0
Grant Atkins,6.134,,,1
Chris Butler,-15.866,,,0
Peter Gough,4.134,,,1
Adam Gee,0.134,,,0
Ashley Klein,-1.866,,,1
Matt Cecchin,16.134,,,1
Ben Cummins,8.134,9.0,-7.0,0
Gerard Sutton,8.134,7.0,1.0,1
Adam Gee,18.134,8.0,2.0,1
Ashley Klein,-1.866,9.0,-3.0,1
Peter Gough,-3.866,8.0,2.0,0
Matt Cecchin,-3.866,7.0,3.0,0
Chris Butler,-1.866,7.0,5.0,1
Chris Sutton,-21.866,12.0,-4.0,0
Grant Atkins,4.134,8.0,2.0,0
Chris Butler,2.134,6.0,-2.0,1
Matt Cecchin,3.134,9.0,1.0,1
Adam Gee,-5.866,4.0,2.0,0
Ashley Klein,18.134,8.0,6.0,0
Chris Sutton,-8.866,7.0,3.0,1
Peter Gough,24.134,9.0,1.0,1
Ben Cummins,-1.866,9.0,-3.0,1
Grant Atkins,8.134,17.0,3.0,1
Gerard Sutton,10.134,12.0,4.0,1
Chris Butler,-7.866,9.0,-3.0,0
Chris Sutton,8.134,8.0,-4.0,0
Ben Cummins,0.134,8.0,0.0,1
Ashley Klein,6.134,8.0,4.0,0
Peter Gough,16.134,7.0,-1.0,1
Adam Gee,14.134,17.0,5.0,0
Ashley Klein,10.134,9.0,-3.0,1
Matt Noyen,10.134,6.0,-4.0,1
Ben Cummins,-20.866,9.0,-1.0,1
Matt Cecchin,4.134,8.0,0.0,1
Peter Gough,4.134,15.0,-5.0,0
Gerard Sutton,-1.866,8.0,2.0,0
Grant Atkins,22.134,20.0,-4.0,0
Adam Gee,-11.866,15.0,-1.0,0
Ashley Klein,6.134,7.0,-3.0,0
Matt Cecchin,11.134,6.0,2.0,1
Adam Gee,6.134,6.0,0.0,1
Matt Noyen,-11.866,13.0,5.0,1
Gerard Sutton,12.134,9.0,3.0,1
Grant Atkins,14.134,20.0,0.0,1
Chris Sutton,2.134,12.0,-2.0,1
Ben Cummins,-17.866,10.0,8.0,1
Matt Cecchin,30.134,8.0,0.0,1
Grant Atkins,-13.866,21.0,-1.0,1
Chris Butler,-11.866,13.0,-5.0,1
Adam Gee,-1.866,6.0,0.0,0
Adam Gee,22.134,10.0,4.0,1
Ashley Klein,-8.866,13.0,-1.0,1
Ben Cummins,23.134,11.0,5.0,0
Chris Butler,-11.866,9.0,1.0,1
Chris Sutton,8.134,12.0,0.0,1
Matt Cecchin,12.134,9.0,-1.0,0
Grant Atkins,6.134,13.0,5.0,1
Gerard Sutton,-11.866,10.0,2.0,1
Adam Gee,0.134,4.0,2.0,0
Peter Gough,4.134,8.0,-2.0,0
Ashley Klein,4.134,7.0,3.0,1
Chris Butler,-29.866,13.0,1.0,1
Chris Sutton,-3.866,12.0,0.0,1
Gerard Sutton,36.134,13.0,-1.0,1
Matt Cecchin,0.134,5.0,3.0,1
Grant Atkins,34.134,12.0,4.0,0
Adam Gee,0.134,8.0,-4.0,0
Peter Gough,-8.866,4.0,0.0,0
Ashley Klein,-20.866,8.0,-4.0,1
Gerard Sutton,20.134,16.0,2.0,0
Matt Cecchin,4.134,10.0,-2.0,0
Chris Sutton,-7.866,12.0,0.0,1
Ben Cummins,-1.866,5.0,1.0,1
Grant Atkins,14.134,11.0,-5.0,0
Adam Gee,0.134,7.0,5.0,0
Matt Cecchin,18.134,5.0,3.0,1
Adam Gee,-7.866,4.0,-2.0,0
Chris Sutton,-13.866,16.0,6.0,1
Matt Cecchin,-11.866,8.0,2.0,0
Adam Gee,4.134,9.0,-1.0,1
Grant Atkins,6.134,10.0,-2.0,1
Chris Sutton,6.134,4.0,0.0,1
Ashley Klein,6.134,6.0,-2.0,0
Chris Butler,0.134,,,0
Gerard Sutton,20.134,7.0,-5.0,0
Ben Cummins,10.134,9.0,3.0,1
Adam Gee,-23.866,7.0,1.0,0
Gerard Sutton,-9.866,7.0,-3.0,1
Matt Cecchin,-9.866,11.0,3.0,0
Chris Butler,36.134,4.0,0.0,1
Ashley Klein,22.134,6.0,0.0,1
Ben Cummins,-15.866,10.0,0.0,1
Grant Atkins,-3.866,6.0,2.0,0
Chris Sutton,22.134,,,0
Grant Atkins,-17.866,5.0,-1.0,1
Ben Cummins,-11.866,4.0,-2.0,0
Chris Sutton,9.134,9.0,-1.0,1
Chris Butler,18.134,8.0,2.0,0
Adam Gee,12.134,8.0,2.0,1
Ashley Klein,1.134,12.0,0.0,1
Matt Cecchin,-5.866,8.0,0.0,0
Gerard Sutton,16.134,9.0,-5.0,0
Grant Atkins,2.134,9.0,1.0,1
Chris Sutton,-13.866,13.0,-1.0,1
Ashley Klein,6.134,9.0,-5.0,0
Matt Cecchin,-11.866,13.0,-5.0,1
Gerard Sutton,-11.866,14.0,-2.0,0
Adam Gee,0.134,11.0,-3.0,0
Chris Butler,-1.866,9.0,-7.0,0
Ben Cummins,4.134,14.0,6.0,1
Gerard Sutton,-3.866,14.0,0.0,1
Ben Cummins,4.134,4.0,2.0,0
Ashley Klein,-4.866,13.0,-1.0,0
Adam Gee,-3.866,10.0,2.0,1
Grant Atkins,20.134,12.0,2.0,1
Chris Sutton,-5.866,11.0,3.0,0
Peter Gough,-11.866,11.0,7.0,1
Matt Cecchin,-15.866,13.0,-5.0,0
Ben Cummins,8.134,6.0,-4.0,0
Adam Gee,-8.866,4.0,2.0,0
Grant Atkins,-8.866,13.0,9.0,1
Gerard Sutton,24.134,7.0,1.0,0
Peter Gough,-7.866,11.0,3.0,0
Ashley Klein,2.134,10.0,2.0,1
Chris Sutton,16.134,5.0,-1.0,0
Matt Cecchin,0.134,3.0,1.0,1
Grant Atkins,-16.866,8.0,0.0,1
Ben Cummins,-1.866,11.0,-3.0,0
Ashley Klein,20.134,9.0,-5.0,0
Peter Gough,18.134,9.0,1.0,0
Adam Gee,-5.866,8.0,4.0,1
Gerard Sutton,-13.866,9.0,-3.0,0
Chris Sutton,8.134,10.0,2.0,1
Matt Cecchin,0.134,7.0,3.0,1
Gerard Sutton,10.134,11.0,-5.0,0
Grant Atkins,-1.866,5.0,1.0,0
Adam Gee,0.134,9.0,1.0,0
Matt Cecchin,-9.866,8.0,2.0,1
Zbignew Przeklasa-Adamski,11.134,8.0,2.0,1
Ben Cummins,18.134,8.0,-4.0,0
Ashley Klein,-1.866,13.0,3.0,1
Chris Sutton,-7.866,7.0,-3.0,0
Grant Atkins,6.134,14.0,4.0,1
Adam Gee,3.134,9.0,1.0,1
Gerard Sutton,-19.866,12.0,-2.0,0
Ashley Klein,2.134,5.0,-1.0,1
Gerard Sutton,2.134,14.0,-2.0,1
Ashley Klein,-31.866,9.0,5.0,1
Ashley Klein,6.134,5.0,3.0,1
Gerard Sutton,-29.866,7.0,1.0,0
Gerard Sutton,-19.866,5.0,-1.0,1
Adam Gee,-9.403,11.0,-3.0,1
Ben Cummins,-0.403,12.0,2.0,1
Ashley Klein,-28.403,12.0,2.0,1
Gerard Sutton,-17.403,14.0,0.0,0
Peter Gough,0.597,12.0,-4.0,0
Chris Sutton,-1.403,16.0,2.0,0
Grant Atkins,16.597,8.0,6.0,1
Ben Cummins,-33.403,15.0,1.0,0
Gerard Sutton,-14.403,14.0,-6.0,1
Chris Sutton,-7.403,13.0,1.0,0
Ashley Klein,-5.403,12.0,-2.0,1
Adam Gee,-5.403,9.0,5.0,1
Peter Gough,-9.403,16.0,0.0,1
Grant Atkins,-11.403,14.0,2.0,1
Ben Cummins,-13.403,14.0,-2.0,1
Zbignew Przeklasa-Adamski,-17.403,9.0,3.0,0
Gerard Sutton,4.597,15.0,1.0,0
Zbignew Przeklasa-Adamski,-15.403,16.0,-2.0,0
Grant Atkins,0.597,12.0,2.0,1
Peter Gough,14.597,14.0,0.0,1
Ashley Klein,8.597,12.0,-2.0,0
Chris Sutton,2.597,10.0,-2.0,1
Adam Gee,6.597,11.0,-1.0,0
Ben Cummins,-18.403,14.0,2.0,1
Grant Atkins,-29.403,16.0,4.0,1
Ben Cummins,-25.403,14.0,-2.0,1
Ashley Klein,-5.403,12.0,2.0,1
Chris Sutton,-17.403,17.0,3.0,1
Zbignew Przeklasa-Adamski,-12.403,15.0,1.0,1
Gerard Sutton,-11.403,18.0,-2.0,0
Adam Gee,0.597,13.0,1.0,1
Todd Smith,18.597,8.0,0.0,1
Ashley Klein,-7.403,15.0,1.0,0
Todd Smith,5.597,9.0,3.0,1
Grant Atkins,0.597,10.0,0.0,0
Gerard Sutton,2.597,16.0,2.0,0
Ben Cummins,-7.403,11.0,-1.0,1
Peter Gough,2.597,11.0,9.0,0
Adam Gee,-9.403,10.0,0.0,1
Chris Butler,0.597,13.0,1.0,0
Ashley Klein,-13.403,15.0,3.0,0
Gerard Sutton,8.597,17.0,-1.0,1
Adam Gee,8.597,8.0,2.0,1
Todd Smith,0.597,13.0,-1.0,1
Grant Atkins,8.597,15.0,1.0,1
Zbignew Przeklasa-Adamski,-7.403,17.0,-1.0,1
Ben Cummins,-6.403,6.0,2.0,1
Chris Butler,-2.403,10.0,2.0,0
Gerard Sutton,12.597,10.0,0.0,1
Peter Gough,4.597,8.0,-4.0,1
Chris Butler,-9.403,12.0,4.0,1
Zbignew Przeklasa-Adamski,1.597,10.0,2.0,1
Ashley Klein,-2.403,9.0,-1.0,0
Grant Atkins,-1.403,15.0,7.0,1
Adam Gee,-17.403,9.0,-1.0,1
Chris Sutton,36.597,13.0,1.0,1
Ashley Klein,-20.403,9.0,1.0,1
Peter Gough,-21.403,17.0,1.0,0
Grant Atkins,18.597,9.0,3.0,1
Chris Butler,-2.403,15.0,1.0,1
Ben Cummins,-15.403,10.0,-4.0,1
Todd Smith,-4.403,9.0,3.0,0
Liam Kennedy,8.597,10.0,-4.0,0
Gerard Sutton,-25.403,9.0,-7.0,1
Grant Atkins,0.597,14.0,2.0,0
Ben Cummins,-25.403,12.0,2.0,1
Gerard Sutton,-1.403,8.0,-4.0,0
Adam Gee,14.597,12.0,6.0,1
Chris Butler,16.597,17.0,1.0,1
Liam Kennedy,8.597,13.0,1.0,1
Peter Gough,4.597,19.0,3.0,1
Todd Smith,-4.403,13.0,-1.0,1
Peter Gough,-21.403,11.0,-1.0,0
Grant Atkins,-5.403,7.0,-1.0,0
Ben Cummins,18.597,10.0,4.0,0
Todd Smith,-7.403,11.0,3.0,1
Ashley Klein,-5.403,14.0,-2.0,0
Liam Kennedy,-3.403,14.0,6.0,0
Adam Gee,11.597,9.0,3.0,1
Gerard Sutton,4.597,14.0,-2.0,0
Adam Gee,4.597,12.0,2.0,0
Zbignew Przeklasa-Adamski,14.597,15.0,7.0,1
Ben Cummins,-1.403,11.0,7.0,1
Chris Sutton,-1.403,6.0,-2.0,1
Grant Atkins,-1.403,13.0,5.0,1
Gerard Sutton,0.597,12.0,2.0,0
Peter Gough,0.597,15.0,1.0,0
Ashley Klein,-0.403,10.0,6.0,0
Adam Gee,-7.403,13.0,1.0,1
Ashley Klein,-21.403,13.0,-3.0,1
Gerard Sutton,15.597,12.0,4.0,1
Peter Gough,-3.403,11.0,1.0,0
Chris Sutton,18.597,6.0,-2.0,1
Grant Atkins,8.597,12.0,0.0,0
Ben Cummins,14.597,9.0,3.0,0
Todd Smith,4.597,6.0,4.0,0
Gerard Sutton,-5.403,10.0,-4.0,0
Todd Smith,4.597,14.0,-2.0,1
Grant Atkins,12.597,16.0,4.0,1
Adam Gee,-5.403,15.0,5.0,1
Todd Smith,-0.403,10.0,0.0,1
Adam Gee,2.597,10.0,2.0,0
Gerard Sutton,0.597,15.0,-1.0,0
Grant Atkins,-1.403,5.0,1.0,1
Peter Gough,-9.403,12.0,-6.0,0
Ben Cummins,4.597,11.0,-3.0,0
Chris Sutton,10.597,12.0,4.0,0
Ashley Klein,-5.403,15.0,-7.0,1
Grant Atkins,0.597,14.0,4.0,1
Gerard Sutton,10.597,9.0,1.0,0
Adam Gee,8.597,11.0,1.0,1
Chris Sutton,-15.403,14.0,2.0,1
Peter Gough,2.597,11.0,5.0,0
Todd Smith,-1.403,16.0,0.0,1
Ashley Klein,-5.403,12.0,4.0,1
Ben Cummins,4.597,7.0,1.0,1
Grant Atkins,22.597,14.0,-2.0,1
Chris Butler,6.597,12.0,2.0,1
Gerard Sutton,0.597,11.0,5.0,1
Ashley Klein,-19.403,10.0,0.0,0
Adam Gee,22.597,11.0,3.0,1
Ben Cummins,-1.403,8.0,-2.0,1
Chris Sutton,-19.403,13.0,3.0,1
Peter Gough,-21.403,10.0,2.0,1
Adam Gee,-9.403,19.0,-1.0,1
Todd Smith,24.597,16.0,2.0,0
Chris Butler,4.597,17.0,1.0,0
Grant Atkins,6.597,9.0,1.0,1
Adam Gee,-5.403,11.0,-3.0,0
Todd Smith,2.597,10.0,-4.0,1
Grant Atkins,36.597,5.0,1.0,1
Gerard Sutton,10.597,9.0,1.0,1
Chris Sutton,-15.403,6.0,4.0,0
Peter Gough,-9.403,13.0,-1.0,0
Ashley Klein,-7.403,16.0,0.0,0
Chris Butler,20.597,9.0,-1.0,0
Gerard Sutton,6.597,9.0,5.0,0
Adam Gee,-17.403,14.0,4.0,1
Peter Gough,10.597,15.0,1.0,0
Chris Sutton,-3.403,11.0,1.0,1
Ashley Klein,-13.403,10.0,0.0,1
Todd Smith,-7.403,13.0,-5.0,1
Ben Cummins,18.597,9.0,1.0,1
Chris Butler,9.597,10.0,2.0,1
Grant Atkins,-13.403,14.0,-2.0,0
Peter Gough,-7.403,15.0,1.0,0
Todd Smith,0.597,13.0,1.0,1
Ben Cummins,16.597,10.0,2.0,0
Gerard Sutton,-2.403,9.0,3.0,1
Adam Gee,6.597,9.0,-1.0,0
Chris Butler,-9.403,10.0,0.0,0
Chris Sutton,-1.403,11.0,3.0,0
Todd Smith,6.597,12.0,0.0,1
Peter Gough,2.597,12.0,0.0,1
Gerard Sutton,12.597,7.0,1.0,0
Ben Cummins,14.597,13.0,3.0,1
Grant Atkins,-11.403,13.0,-3.0,0
Ashley Klein,-1.403,13.0,1.0,1
Adam Gee,-1.403,11.0,-1.0,0
Chris Sutton,-19.403,4.0,0.0,0
Gerard Sutton,-27.403,7.0,5.0,0
Chris Butler,16.597,11.0,1.0,1
Grant Atkins,-17.403,9.0,-1.0,0
Ashley Klein,6.597,8.0,0.0,1
Ben Cummins,4.597,8.0,-4.0,0
Peter Gough,-5.403,10.0,-2.0,1
Adam Gee,2.597,11.0,1.0,1
Chris Sutton,24.597,10.0,2.0,1
Adam Gee,4.597,10.0,0.0,0
Chris Butler,8.597,13.0,1.0,1
Todd Smith,28.597,9.0,3.0,0
Ashley Klein,4.597,9.0,-1.0,1
Gerard Sutton,2.597,8.0,2.0,0
Ben Cummins,34.597,5.0,1.0,1
Liam Kennedy,28.597,10.0,-6.0,1
Grant Atkins,6.597,10.0,2.0,0
Grant Atkins,15.597,13.0,-3.0,0
Chris Butler,14.597,9.0,1.0,1
Adam Gee,-11.403,18.0,4.0,0
Ashley Klein,10.597,5.0,1.0,1
Todd Smith,-27.403,12.0,0.0,1
Gerard Sutton,-13.403,12.0,4.0,1
Liam Kennedy,2.597,12.0,4.0,0
Ben Cummins,18.597,6.0,-4.0,1
Ashley Klein,-7.403,14.0,2.0,1
Peter Gough,-2.403,13.0,-1.0,1
Grant Atkins,-1.403,18.0,2.0,1
Zbignew Przeklasa-Adamski,9.597,10.0,0.0,0
Ben Cummins,-9.403,13.0,-1.0,1
Todd Smith,2.597,13.0,5.0,1
Chris Sutton,10.597,9.0,3.0,0
Gerard Sutton,22.597,13.0,-1.0,0
Gerard Sutton,-8.403,8.0,-2.0,1
Grant Atkins,4.597,7.0,-1.0,0
Adam Gee,18.597,7.0,-3.0,0
Ashley Klein,0.597,15.0,3.0,0
Ashley Klein,0.597,9.0,3.0,1
Grant Atkins,6.597,11.0,-1.0,0
Grant Atkins,0.597,12.0,2.0,0
Ashley Klein,0.597,9.0,-1.0,1
Ashley Klein,-3.403,10.0,0.0,1
Ashley Klein,-17.286,12.0,0.0,0
Chris Sutton,-13.286,16.0,0.0,1
Gerard Sutton,-20.286,9.0,-1.0,0
Grant Atkins,-8.286,13.0,5.0,1
Adam Gee,-8.286,10.0,2.0,1
Todd Smith,-0.286,10.0,0.0,0
Chris Butler,0.714,9.0,5.0,1
Peter Gough,-13.286,12.0,6.0,0
Grant Atkins,-19.286,11.0,3.0,1
Gerard Sutton,10.714,8.0,0.0,0
Ashley Klein,-1.286,16.0,0.0,1
Adam Gee,-13.286,13.0,3.0,1
Todd Smith,-11.286,14.0,2.0,1
Chris Butler,-7.286,14.0,-2.0,0
Peter Gough,-19.286,14.0,6.0,0
Chris Sutton,4.714,15.0,1.0,1
Adam Gee,18.714,14.0,0.0,1
Chris Butler,10.714,12.0,2.0,0
Gerard Sutton,-7.286,9.0,1.0,1
Grant Atkins,26.714,13.0,3.0,1
Chris Sutton,-7.286,11.0,3.0,0
Peter Gough,12.714,11.0,1.0,1
Todd Smith,2.714,14.0,0.0,1
Ashley Klein,-1.286,12.0,0.0,1
Ashley Klein,-12.286,13.0,1.0,1
Ben Cummins,-9.286,13.0,1.0,1
Adam Gee,-15.286,9.0,-1.0,0
Chris Butler,-9.286,14.0,-2.0,1
Chris Sutton,-20.286,11.0,-3.0,1
Peter Gough,-15.286,8.0,2.0,1
Gerard Sutton,-7.286,7.0,1.0,1
Todd Smith,2.714,11.0,-5.0,0
Grant Atkins,2.714,10.0,0.0,1
Adam Gee,19.714,10.0,-2.0,0
Todd Smith,-17.286,11.0,1.0,0
Chris Butler,18.714,12.0,-2.0,0
Gerard Sutton,4.714,16.0,-2.0,1
Chris Sutton,12.714,10.0,6.0,1
Ben Cummins,16.714,12.0,2.0,0
Liam Kennedy,-16.286,14.0,-2.0,1
Ashley Klein,-9.286,7.0,1.0,1
Gerard Sutton,20.714,14.0,-8.0,0
Adam Gee,8.714,14.0,0.0,0
Todd Smith,10.714,20.0,-2.0,1
Grant Atkins,-11.286,11.0,-1.0,0
Peter Gough,-7.286,10.0,6.0,1
Liam Kennedy,12.714,12.0,2.0,1
Ben Cummins,4.714,6.0,0.0,0
Ashley Klein,4.714,10.0,-6.0,0
Grant Atkins,-11.286,18.0,10.0,1
Adam Gee,-19.286,15.0,3.0,1
Chris Sutton,-9.286,16.0,2.0,1
Peter Gough,-14.286,15.0,-3.0,0
Todd Smith,23.714,15.0,1.0,0
Gerard Sutton,-11.286,7.0,-1.0,1
Chris Butler,-11.286,12.0,6.0,1
Gerard Sutton,-7.286,8.0,-2.0,1
Ashley Klein,-3.286,7.0,-1.0,0
Chris Sutton,7.714,12.0,2.0,0
Ben Cummins,-11.286,10.0,-4.0,1
Chris Butler,8.714,8.0,0.0,1
Todd Smith,-7.286,10.0,-4.0,0
Adam Gee,7.714,12.0,-4.0,1
Grant Atkins,6.714,12.0,2.0,1
Gerard Sutton,4.714,10.0,6.0,1
Chris Sutton,9.714,5.0,-1.0,1
Ashley Klein,-7.286,12.0,0.0,0
Peter Gough,15.714,11.0,-3.0,1
Ben Cummins,-9.286,14.0,2.0,0
Adam Gee,-25.286,14.0,2.0,0
Chris Butler,-31.286,10.0,2.0,0
Grant Atkins,-11.286,12.0,0.0,0
Chris Sutton,18.714,14.0,-4.0,0
Gerard Sutton,-7.286,5.0,3.0,0
Todd Smith,-21.286,8.0,-2.0,0
Grant Atkins,6.714,6.0,0.0,0
Adam Gee,-5.286,11.0,-1.0,0
Peter Gough,-11.286,13.0,3.0,1
Ashley Klein,-19.286,8.0,2.0,0
Chris Butler,4.714,10.0,4.0,1
Todd Smith,-5.286,18.0,0.0,1
Ben Cummins,-9.286,7.0,-1.0,0
Gerard Sutton,6.714,7.0,1.0,1
Liam Kennedy,-25.286,7.0,3.0,1
Chris Butler,18.714,9.0,1.0,1
Grant Atkins,-1.286,13.0,7.0,1
Peter Gough,26.714,8.0,0.0,1
Ashley Klein,-11.286,16.0,8.0,0
Adam Gee,-26.286,12.0,-2.0,0
Peter Gough,0.714,11.0,1.0,1
Ashley Klein,6.714,7.0,-5.0,0
Liam Kennedy,-13.286,10.0,0.0,1
Ben Cummins,38.714,7.0,1.0,1
Grant Atkins,-5.286,11.0,-1.0,0
Chris Butler,-7.286,14.0,-2.0,1
Gerard Sutton,10.714,11.0,-5.0,0
Adam Gee,-7.286,13.0,3.0,1
Liam Kennedy,-5.286,6.0,-2.0,1
Gerard Sutton,2.714,13.0,3.0,0
Grant Atkins,13.714,11.0,3.0,0
Peter Gough,0.714,16.0,2.0,1
Gerard Sutton,-6.286,10.0,2.0,0
Grant Atkins,-7.286,12.0,0.0,1
Liam Kennedy,28.714,7.0,1.0,0
Todd Smith,-13.286,5.0,-3.0,0
Ashley Klein,3.714,13.0,-1.0,1
Peter Gough,19.714,11.0,-1.0,1
Chris Sutton,-1.286,12.0,0.0,1
Todd Smith,-5.286,7.0,-1.0,1
Grant Atkins,4.714,10.0,0.0,0
Gerard Sutton,30.714,9.0,7.0,1
Ben Cummins,20.714,10.0,4.0,1
Chris Butler,-1.286,9.0,-3.0,1
Adam Gee,-9.286,9.0,3.0,0
Ashley Klein,18.714,15.0,-1.0,1
Liam Kennedy,0.714,10.0,6.0,0
Peter Gough,4.714,16.0,0.0,1
Grant Atkins,-11.286,7.0,-1.0,0
Chris Butler,-7.286,12.0,0.0,1
Zbignew Przeklasa-Adamski,-11.286,6.0,0.0,0
Adam Gee,12.714,10.0,4.0,1
Adam Gee,20.714,6.0,2.0,0
Peter Gough,22.714,5.0,1.0,0
Ben Cummins,-13.286,7.0,5.0,1
Todd Smith,-15.286,8.0,0.0,1
Chris Butler,-15.286,11.0,-3.0,0
Gerard Sutton,-8.286,12.0,-4.0,0
Ashley Klein,-7.286,7.0,-1.0,0
Grant Atkins,22.714,8.0,0.0,1
Ashley Klein,-11.286,14.0,4.0,0
Adam Gee,4.714,11.0,-1.0,0
Todd Smith,2.714,17.0,-5.0,1
Liam Kennedy,28.714,6.0,0.0,1
Peter Gough,-5.286,11.0,5.0,1
Zbignew Przeklasa-Adamski,20.714,9.0,1.0,0
Ben Cummins,-11.286,11.0,5.0,1
Todd Smith,2.714,12.0,2.0,0
Peter Gough,16.714,11.0,1.0,0
Adam Gee,10.714,9.0,-1.0,0
Liam Kennedy,22.714,9.0,-3.0,0
Grant Atkins,-1.286,11.0,1.0,0
Peter Gough,6.714,13.0,3.0,1
Zbignew Przeklasa-Adamski,22.714,10.0,2.0,0
Adam Gee,-18.286,8.0,6.0,0
Grant Atkins,0.714,18.0,2.0,0
Gerard Sutton,10.714,12.0,2.0,1
Todd Smith,-7.286,9.0,3.0,0
Chris Butler,3.714,14.0,-2.0,1
Ben Cummins,-13.286,11.0,1.0,1
Todd Smith,-4.286,9.0,1.0,1
Ashley Klein,10.714,11.0,5.0,0
Adam Gee,8.714,14.0,0.0,0
Gerard Sutton,-1.286,13.0,1.0,1
Grant Atkins,-5.286,12.0,4.0,1
Chris Butler,16.714,19.0,1.0,1
Peter Gough,10.714,20.0,2.0,0
Grant Atkins,-3.286,15.0,1.0,1
Zbignew Przeklasa-Adamski,4.714,9.0,-3.0,0
Ashley Klein,16.714,5.0,-1.0,1
Adam Gee,-11.286,9.0,-1.0,0
Chris Butler,-3.286,13.0,-3.0,0
Gerard Sutton,-17.286,9.0,3.0,1
Peter Gough,-0.286,16.0,-2.0,1
Todd Smith,-10.286,15.0,3.0,1
Ashley Klein,-3.286,21.0,-9.0,1
Ben Cummins,0.714,11.0,-1.0,0
Adam Gee,-13.286,15.0,3.0,1
Gerard Sutton,-1.286,9.0,5.0,0
Grant Atkins,12.714,12.0,-2.0,0
Todd Smith,-3.286,15.0,-7.0,0
Zbignew Przeklasa-Adamski,0.714,8.0,4.0,1
Peter Gough,-5.286,16.0,2.0,1
Gerard Sutton,-9.286,10.0,-2.0,0
Ashley Klein,-3.286,11.0,-1.0,1
Adam Gee,18.714,14.0,2.0,1
Ben Cummins,-5.286,8.0,2.0,1
Chris Butler,6.714,16.0,-6.0,0
Todd Smith,-1.286,13.0,-1.0,1
Grant Atkins,4.714,12.0,0.0,1
Peter Gough,2.714,7.0,1.0,1
Adam Gee,-1.286,11.0,3.0,0
Todd Smith,5.714,14.0,0.0,1
Ashley Klein,0.714,9.0,-1.0,0
Ben Cummins,1.714,13.0,1.0,1
Chris Butler,8.714,13.0,3.0,0
Peter Gough,20.714,8.0,0.0,0
Grant Atkins,-6.286,14.0,0.0,1
Gerard Sutton,14.714,8.0,4.0,1
Ben Cummins,4.714,7.0,-1.0,0
Peter Gough,-21.286,17.0,-3.0,1
Gerard Sutton,-1.286,8.0,0.0,0
Chris Butler,7.714,16.0,2.0,1
Todd Smith,-5.286,14.0,-4.0,1
Adam Gee,1.714,10.0,-4.0,0
Liam Kennedy,20.714,11.0,1.0,0
Ashley Klein,-7.286,11.0,5.0,1
Ashley Klein,8.714,9.0,1.0,0
Belinda Sharpe,20.714,9.0,-1.0,1
Adam Gee,-7.286,11.0,-1.0,0
Gerard Sutton,-1.286,7.0,3.0,1
Todd Smith,10.714,11.0,3.0,1
Ben Cummins,-1.286,8.0,2.0,0
Kasey Badger,18.714,5.0,1.0,1
Grant Atkins,-15.286,9.0,3.0,1
Grant Atkins,-19.286,15.0,5.0,1
Adam Gee,-7.286,10.0,2.0,1
Gerard Sutton,-20.286,10.0,2.0,0
Ashley Klein,12.714,12.0,-2.0,1
Ashley Klein,-14.286,12.0,4.0,1
Adam Gee,4.714,5.0,1.0,1
Adam Gee,-3.286,13.0,5.0,1
Gerard Sutton,8.714,10.0,0.0,1
Adam Gee,4.714,5.0,-1.0,1
Ashley Klein,13.23,6.0,4.0,1
Adam Gee,-16.77,12.0,-2.0,1
Todd Smith,-6.77,12.0,0.0,0
Peter Gough,-18.77,16.0,0.0,0
Gerard Sutton,-38.77,15.0,3.0,1
Grant Atkins,-12.77,14.0,0.0,1
Zbignew Przeklasa-Adamski,-14.77,8.0,2.0,0
Chris Butler,14.23,8.0,-2.0,0
Gerard Sutton,-0.77,7.0,1.0,1
Zbignew Przeklasa-Adamski,-15.77,10.0,0.0,1
Ashley Klein,-2.77,9.0,1.0,1
Peter Gough,-2.77,16.0,4.0,1
Adam Gee,-5.77,15.0,5.0,1
Chris Butler,9.23,12.0,-2.0,1
Todd Smith,-11.77,13.0,5.0,1
Grant Atkins,-8.77,9.0,-3.0,1
Gerard Sutton,-0.77,11.0,-3.0,1
Liam Kennedy,-18.77,10.0,2.0,1
Ashley Klein,7.23,10.0,0.0,1
Todd Smith,-14.77,12.0,-6.0,1
Belinda Sharpe,23.23,11.0,3.0,0
Chris Butler,-8.77,7.0,3.0,1
Peter Gough,5.23,14.0,4.0,1
Grant Atkins,-20.77,9.0,1.0,1
Adam Gee,-8.77,13.0,5.0,0
Gerard Sutton,-10.77,17.0,-5.0,1
Grant Atkins,3.23,6.0,0.0,1
Ashley Klein,-14.77,9.0,1.0,1
Belinda Sharpe,-2.77,9.0,1.0,0
Peter Gough,-14.77,7.0,-1.0,1
Todd Smith,11.23,6.0,0.0,1
Liam Kennedy,-13.77,13.0,7.0,0
Ashley Klein,19.23,11.0,-3.0,1
Grant Atkins,9.23,11.0,-1.0,1
Belinda Sharpe,-6.77,8.0,2.0,1
Liam Kennedy,-8.77,10.0,-2.0,0
Todd Smith,3.23,14.0,6.0,1
Gerard Sutton,-4.77,12.0,0.0,1
Chris Butler,10.23,10.0,0.0,1
Adam Gee,2.23,13.0,7.0,1
Gerard Sutton,-4.77,10.0,2.0,0
Wyatt Raymond,-16.77,5.0,-1.0,1
Adam Gee,-4.77,9.0,-7.0,1
Chris Butler,-2.77,8.0,0.0,0
Peter Gough,0.23,13.0,3.0,1
Ashley Klein,9.23,8.0,4.0,0
Grant Atkins,-10.77,14.0,-4.0,0
Kasey Badger,-5.77,7.0,1.0,1
Ashley Klein,-16.77,17.0,-3.0,0
Gerard Sutton,-4.77,12.0,2.0,1
Todd Smith,13.23,8.0,2.0,0
Wyatt Raymond,-18.77,5.0,-3.0,1
Liam Kennedy,17.23,7.0,1.0,0
Chris Butler,-2.77,3.0,1.0,1
Peter Gough,1.23,8.0,-4.0,1
Adam Gee,1.23,8.0,0.0,1
Wyatt Raymond,4.23,8.0,-2.0,0
Adam Gee,31.23,9.0,1.0,0
Todd Smith,27.23,11.0,3.0,1
Gerard Sutton,3.23,16.0,4.0,1
Grant Atkins,-2.77,12.0,4.0,0
Kasey Badger,-0.77,10.0,2.0,0
Liam Kennedy,-14.77,7.0,1.0,0
Peter Gough,-6.77,9.0,5.0,0
Adam Gee,7.23,13.0,-3.0,0
Grant Atkins,3.23,11.0,5.0,0
Ashley Klein,11.23,9.0,3.0,0
Kasey Badger,-10.77,13.0,1.0,1
Belinda Sharpe,-4.77,11.0,-3.0,0
Peter Gough,7.23,8.0,2.0,0
Chris Butler,-24.77,19.0,1.0,1
Todd Smith,-16.77,14.0,2.0,1
Ashley Klein,7.23,10.0,-2.0,1
Liam Kennedy,-20.77,13.0,5.0,1
Gerard Sutton,-2.77,7.0,1.0,0
Zbignew Przeklasa-Adamski,-12.77,10.0,-2.0,0
Belinda Sharpe,-4.77,7.0,1.0,1
Grant Atkins,-3.77,12.0,4.0,0
Kasey Badger,9.23,11.0,-5.0,1
Wyatt Raymond,-8.77,14.0,2.0,1
Ashley Klein,-2.77,8.0,-4.0,1
Todd Smith,-21.77,6.0,2.0,0
Gerard Sutton,5.23,8.0,2.0,0
Adam Gee,21.23,14.0,2.0,1
Peter Gough,3.23,12.0,8.0,0
Grant Atkins,-4.77,13.0,-1.0,1
Wyatt Raymond,17.23,6.0,-2.0,1
Chris Butler,-10.77,13.0,-1.0,0
Adam Gee,9.23,12.0,2.0,1
Belinda Sharpe,23.23,7.0,-1.0,1
Ashley Klein,-0.77,11.0,-1.0,1
Todd Smith,13.23,16.0,2.0,0
Gerard Sutton,-4.77,6.0,0.0,0
Chris Butler,21.23,12.0,2.0,1
Peter Gough,23.23,7.0,-1.0,0
Liam Kennedy,-2.77,,,1
Ashley Klein,9.23,9.0,1.0,1
Grant Atkins,-12.77,16.0,2.0,0
Todd Smith,-14.77,9.0,-3.0,0
Adam Gee,4.23,8.0,-4.0,0
Gerard Sutton,-12.77,12.0,-4.0,0
Chris Butler,23.23,11.0,1.0,1
Chris Sutton,11.23,11.0,-3.0,0
Zbignew Przeklasa-Adamski,7.23,7.0,-1.0,0
Grant Atkins,-12.77,8.0,0.0,0
Adam Gee,17.23,13.0,1.0,1
Gerard Sutton,7.23,10.0,0.0,1
Peter Gough,-6.77,13.0,-5.0,1
Todd Smith,11.23,12.0,0.0,0
Chris Sutton,3.23,14.0,0.0,0
Adam Gee,-12.77,8.0,4.0,1
Ashley Klein,-18.77,6.0,2.0,1
Gerard Sutton,15.23,13.0,-3.0,0
Chris Butler,-0.77,13.0,5.0,0
Peter Gough,-2.77,14.0,-4.0,1
Grant Atkins,-2.77,7.0,-1.0,0
Liam Kennedy,7.23,9.0,1.0,0
Adam Gee,25.23,11.0,1.0,1
Grant Atkins,-12.77,14.0,-6.0,1
Chris Butler,-32.77,13.0,7.0,1
Todd Smith,25.23,9.0,-5.0,1
Gerard Sutton,-17.77,12.0,4.0,1
Todd Smith,1.23,11.0,-3.0,1
Peter Gough,13.23,9.0,1.0,1
Grant Atkins,-24.77,9.0,1.0,1
Adam Gee,-14.77,13.0,5.0,1
Liam Kennedy,-24.77,13.0,5.0,0
Zbignew Przeklasa-Adamski,-0.77,15.0,-1.0,1
Liam Kennedy,1.23,11.0,5.0,0
Zbignew Przeklasa-Adamski,-10.77,12.0,2.0,0
Grant Atkins,-26.77,12.0,0.0,0
Chris Butler,-21.77,11.0,-1.0,1
Peter Gough,21.23,11.0,3.0,0
Todd Smith,-5.77,7.0,1.0,0
Ashley Klein,7.23,11.0,-3.0,1
Gerard Sutton,-18.77,6.0,2.0,0
Gerard Sutton,17.23,12.0,0.0,1
Adam Gee,17.23,13.0,1.0,1
Todd Smith,-6.77,9.0,1.0,1
Liam Kennedy,9.23,11.0,-3.0,0
Grant Atkins,3.23,9.0,-1.0,1
Todd Smith,-8.77,9.0,1.0,1
Wyatt Raymond,23.23,9.0,5.0,1
Chris Butler,-2.77,13.0,1.0,0
Grant Atkins,-14.77,10.0,2.0,1
Adam Gee,7.23,13.0,3.0,1
Liam Kennedy,-0.77,8.0,2.0,1
Gerard Sutton,-8.77,15.0,3.0,1
Peter Gough,-2.77,8.0,0.0,1
Liam Kennedy,-0.77,8.0,2.0,0
Grant Atkins,10.23,8.0,2.0,0
Adam Gee,5.23,9.0,1.0,1
Ashley Klein,17.23,10.0,-4.0,1
Gerard Sutton,9.23,15.0,1.0,0
Todd Smith,-11.77,12.0,0.0,0
Wyatt Raymond,-2.77,13.0,1.0,1
Chris Butler,31.23,13.0,-1.0,0
Todd Smith,3.23,11.0,5.0,0
Gerard Sutton,27.23,15.0,1.0,0
Peter Gough,17.23,11.0,1.0,1
Grant Atkins,-12.77,13.0,-1.0,0
Liam Kennedy,-20.77,14.0,0.0,1
Adam Gee,-10.77,16.0,4.0,1
Ashley Klein,-6.77,12.0,0.0,1
Todd Smith,-2.77,11.0,-1.0,0
Adam Gee,-2.77,17.0,7.0,0
Peter Gough,23.23,12.0,6.0,0
Grant Atkins,23.23,10.0,4.0,0
Ashley Klein,13.23,10.0,2.0,0
Gerard Sutton,-8.77,6.0,-2.0,0
Wyatt Raymond,19.23,7.0,1.0,1
Belinda Sharpe,5.23,15.0,1.0,1
Ashley Klein,-0.77,14.0,2.0,0
Chris Butler,-12.77,14.0,0.0,1
Grant Atkins,5.23,16.0,0.0,1
Adam Gee,-6.77,11.0,3.0,1
Todd Smith,-0.77,8.0,2.0,1
Belinda Sharpe,-12.77,16.0,2.0,1
Wyatt Raymond,1.23,10.0,0.0,1
Gerard Sutton,-9.77,16.0,2.0,1
Peter Gough,13.23,13.0,3.0,1
Wyatt Raymond,5.23,11.0,1.0,0
Todd Smith,7.23,9.0,-1.0,1
Grant Atkins,-6.77,14.0,-4.0,1
Gerard Sutton,7.23,12.0,0.0,1
Chris Butler,5.23,12.0,-4.0,0
Adam Gee,23.23,16.0,2.0,0
Ashley Klein,1.23,15.0,3.0,0
Grant Atkins,21.23,9.0,1.0,1
Ashley Klein,9.23,11.0,3.0,0
Peter Gough,-0.77,21.0,1.0,1
Wyatt Raymond,37.23,13.0,-3.0,1
Adam Gee,-0.77,12.0,0.0,1
Chris Butler,11.23,14.0,-2.0,0
Gerard Sutton,3.23,7.0,3.0,1
Todd Smith,-20.77,17.0,7.0,0
Todd Smith,15.23,7.0,-3.0,0
Peter Gough,39.23,9.0,1.0,0
Grant Atkins,17.23,16.0,-2.0,0
Wyatt Raymond,3.23,9.0,-1.0,0
Gerard Sutton,3.23,9.0,-1.0,0
Chris Butler,-16.77,11.0,3.0,1
Adam Gee,13.23,11.0,5.0,0
Ashley Klein,-26.77,11.0,5.0,1
Ashley Klein,-6.77,9.0,3.0,1
Gerard Sutton,0.23,11.0,5.0,1
Todd Smith,-2.77,6.0,-2.0,1
Grant Atkins,-0.77,9.0,-1.0,0
Ashley Klein,-2.77,4.0,2.0,1
Grant Atkins,9.23,11.0,3.0,1
Grant Atkins,19.23,11.0,-1.0,1
Ashley Klein,-14.77,10.0,-4.0,1
Ashley Klein,-26.77,7.0,1.0,0
Grant Atkins,-7.833,12.0,-2.0,1
Ashley Klein,4.167,11.0,-3.0,1
Gerard Sutton,18.167,12.0,0.0,0
Liam Kennedy,-27.833,13.0,1.0,0
Adam Gee,-15.833,10.0,0.0,1
Todd Smith,2.167,9.0,3.0,0
Peter Gough,8.167,14.0,4.0,1
Wyatt Raymond,28.167,8.0,0.0,1
Gerard Sutton,-7.833,10.0,0.0,1
Adam Gee,6.167,9.0,1.0,1
Todd Smith,24.167,11.0,5.0,0
Ashley Klein,3.167,7.0,-1.0,0
Liam Kennedy,2.167,14.0,0.0,0
Wyatt Raymond,8.167,10.0,-2.0,1
Grant Atkins,-7.833,14.0,2.0,0
Peter Gough,18.167,10.0,0.0,1
Adam Gee,8.167,14.0,-2.0,1
Ashley Klein,-25.833,6.0,2.0,1
Todd Smith,-3.833,10.0,-4.0,1
Gerard Sutton,-6.833,11.0,1.0,1
Peter Gough,2.167,16.0,2.0,0
Liam Kennedy,-13.833,18.0,-2.0,1
Wyatt Raymond,-21.833,11.0,3.0,0
Grant Atkins,6.167,14.0,6.0,1
